case	reserves	packets	model_wire_losses_milli	edges	source_contacts	receiver_contacts	initial_rooms	observed_source_debits	observed_receiver_credits	observed_events
loops-02/copper-space0	64	32	200,200,200,200,200,200,200,200,200,200,200,200,200,200,200,200,200,200,200,200,200,200	0:1;0:4;1:2;2:3;3:5;4:6;5:7;6:8;7:9;8:10;9:11;10:12;11:13;12:14;13:15;14:16;15:17;16:18;17:21;18:19;19:20;20:21	0	18	0	0	0	-
loops-02/copper-space1	64	32	200,200,200,200,200,200,200,200,200,200,200,200,200,200,200,200,200,200,200,200,200,200	0:1;0:4;1:2;2:3;3:5;4:6;5:7;6:8;7:9;8:10;9:11;10:12;11:13;12:14;13:15;14:16;15:17;16:18;17:21;18:19;19:20;20:21	0	18	1	2	1	2:1
loops-02/copper-space1000	64	32	200,200,200,200,200,200,200,200,200,200,200,200,200,200,200,200,200,200,200,200,200,200	0:1;0:4;1:2;2:3;3:5;4:6;5:7;6:8;7:9;8:10;9:11;10:12;11:13;12:14;13:15;14:16;15:17;16:18;17:21;18:19;19:20;20:21	0	18	1000	64	62	32:31|32:31
loops-02/long-glass-space0	64	32	200,25,25,25,200,25,200,25,200,25,200,25,200,25,200,25,200,25,200,25,25,25	0:1;0:4;1:2;2:3;3:5;4:6;5:7;6:8;7:9;8:10;9:11;10:12;11:13;12:14;13:15;14:16;15:17;16:18;17:21;18:19;19:20;20:21	0	18	0	0	0	-
loops-02/long-glass-space1	64	32	200,25,25,25,200,25,200,25,200,25,200,25,200,25,200,25,200,25,200,25,25,25	0:1;0:4;1:2;2:3;3:5;4:6;5:7;6:8;7:9;8:10;9:11;10:12;11:13;12:14;13:15;14:16;15:17;16:18;17:21;18:19;19:20;20:21	0	18	1	1	1	1:1
loops-02/long-glass-space1000	64	32	200,25,25,25,200,25,200,25,200,25,200,25,200,25,200,25,200,25,200,25,25,25	0:1;0:4;1:2;2:3;3:5;4:6;5:7;6:8;7:9;8:10;9:11;10:12;11:13;12:14;13:15;14:16;15:17;16:18;17:21;18:19;19:20;20:21	0	18	1000	64	64	32:32|32:32
loops-02/short-glass-space0	64	32	25,200,200,200,25,200,25,200,25,200,25,200,25,200,25,200,25,200,25,200,200,200	0:1;0:4;1:2;2:3;3:5;4:6;5:7;6:8;7:9;8:10;9:11;10:12;11:13;12:14;13:15;14:16;15:17;16:18;17:21;18:19;19:20;20:21	0	18	0	0	0	-
loops-02/short-glass-space1	64	32	25,200,200,200,25,200,25,200,25,200,25,200,25,200,25,200,25,200,25,200,200,200	0:1;0:4;1:2;2:3;3:5;4:6;5:7;6:8;7:9;8:10;9:11;10:12;11:13;12:14;13:15;14:16;15:17;16:18;17:21;18:19;19:20;20:21	0	18	1	1	1	1:1
loops-02/short-glass-space1000	64	32	25,200,200,200,25,200,25,200,25,200,25,200,25,200,25,200,25,200,25,200,200,200	0:1;0:4;1:2;2:3;3:5;4:6;5:7;6:8;7:9;8:10;9:11;10:12;11:13;12:14;13:15;14:16;15:17;16:18;17:21;18:19;19:20;20:21	0	18	1000	64	64	32:32|32:32
loops-02/disconnected-space0	64	32	200,200,200,200,200,200,200,200,200,200,200,200,200,200,200,200,200,200,200,200	0:1;0:4;1:2;2:3;3:5;4:6;5:7;6:8;7:9;10:12;11:13;12:14;13:15;14:16;15:19;16:17;17:18;18:19	0	16	0	0	0	-
loops-02/disconnected-space1	64	32	200,200,200,200,200,200,200,200,200,200,200,200,200,200,200,200,200,200,200,200	0:1;0:4;1:2;2:3;3:5;4:6;5:7;6:8;7:9;10:12;11:13;12:14;13:15;14:16;15:19;16:17;17:18;18:19	0	16	1	0	0	-
loops-02/disconnected-space1000	64	32	200,200,200,200,200,200,200,200,200,200,200,200,200,200,200,200,200,200,200,200	0:1;0:4;1:2;2:3;3:5;4:6;5:7;6:8;7:9;10:12;11:13;12:14;13:15;14:16;15:19;16:17;17:18;18:19	0	16	1000	0	0	-
sources-02/batbox-batbox-space0,0	64,64	32,32	200,200,200,200,200,200,200	0:1;1:2;2:3;3:4;4:5;5:6	0,6	2,4	0,0	0,0	0,0	-
sources-02/batbox-batbox-space1,1	64,64	32,32	200,200,200,200,200,200,200	0:1;1:2;2:3;3:4;4:5;5:6	0,6	2,4	1,1	0,3	1,1	0,3:1,1
sources-02/batbox-batbox-space16,16	64,64	32,32	200,200,200,200,200,200,200	0:1;1:2;2:3;3:4;4:5;5:6	0,6	2,4	16,16	16,32	31,16	16,32:31,16
sources-02/batbox-batbox-space31,1	64,64	32,32	200,200,200,200,200,200,200	0:1;1:2;2:3;3:4;4:5;5:6	0,6	2,4	31,1	31,1	31,1	31,1:31,1
sources-02/batbox-batbox-space32,32	64,64	32,32	200,200,200,200,200,200,200	0:1;1:2;2:3;3:4;4:5;5:6	0,6	2,4	32,32	64,64	63,63	32,32:0,63|32,32:63,0
sources-02/batbox-batbox-space33,33	64,64	32,32	200,200,200,200,200,200,200	0:1;1:2;2:3;3:4;4:5;5:6	0,6	2,4	33,33	35,32	33,33	32,32:32,32|3,0:1,1
sources-02/batbox-batbox-space1,1000	64,64	32,32	200,200,200,200,200,200,200	0:1;1:2;2:3;3:4;4:5;5:6	0,6	2,4	1,1000	64,64	1,125	32,32:1,62|32,32:0,63
sources-02/batbox-batbox-space31,1000	64,64	32,32	200,200,200,200,200,200,200	0:1;1:2;2:3;3:4;4:5;5:6	0,6	2,4	31,1000	63,64	31,95	31,32:31,32|32,32:0,63
sources-02/batbox-batbox-space1000,1000	64,64	32,32	200,200,200,200,200,200,200	0:1;1:2;2:3;3:4;4:5;5:6	0,6	2,4	1000,1000	64,64	126,0	32,32:63,0|32,32:63,0
sources-02/batbox-cesu-space0,0	64,256	32,128	200,200,200,200,200,200,200	0:1;1:2;2:3;3:4;4:5;5:6	0,6	2,4	0,0	0,0	0,0	-
sources-02/batbox-cesu-space1,1	64,256	32,128	200,200,200,200,200,200,200	0:1;1:2;2:3;3:4;4:5;5:6	0,6	2,4	1,1	0,3	1,1	0,3:1,1
sources-02/batbox-cesu-space16,16	64,256	32,128	200,200,200,200,200,200,200	0:1;1:2;2:3;3:4;4:5;5:6	0,6	2,4	16,16	0,33	16,16	0,33:16,16
sources-02/batbox-cesu-space31,1	64,256	32,128	200,200,200,200,200,200,200	0:1;1:2;2:3;3:4;4:5;5:6	0,6	2,4	31,1	0,33	31,1	0,33:31,1
sources-02/batbox-cesu-space32,32	64,256	32,128	200,200,200,200,200,200,200	0:1;1:2;2:3;3:4;4:5;5:6	0,6	2,4	32,32	0,65	32,32	0,65:32,32
sources-02/batbox-cesu-space33,33	64,256	32,128	200,200,200,200,200,200,200	0:1;1:2;2:3;3:4;4:5;5:6	0,6	2,4	33,33	0,67	33,33	0,67:33,33
sources-02/batbox-cesu-space1,1000	64,256	32,128	200,200,200,200,200,200,200	0:1;1:2;2:3;3:4;4:5;5:6	0,6	2,4	1,1000	64,256	1,316	32,128:1,157|32,128:0,159
sources-02/batbox-cesu-space31,1000	64,256	32,128	200,200,200,200,200,200,200	0:1;1:2;2:3;3:4;4:5;5:6	0,6	2,4	31,1000	64,256	31,286	32,128:31,127|32,128:0,159
sources-02/batbox-cesu-space1000,1000	64,256	32,128	200,200,200,200,200,200,200	0:1;1:2;2:3;3:4;4:5;5:6	0,6	2,4	1000,1000	64,256	286,31	32,128:127,31|32,128:159,0
sources-02/low-reserve-0	0,32	32,32	200,200,200,200,200,200,200	0:1;1:2;2:3;3:4;4:5;5:6	0,6	3	1000	0,32	32	0,32:32
sources-02/low-reserve-31	31,32	32,32	200,200,200,200,200,200,200	0:1;1:2;2:3;3:4;4:5;5:6	0,6	3	1000	0,32	32	0,32:32
sources-02/low-reserve-32	32,32	32,32	200,200,200,200,200,200,200	0:1;1:2;2:3;3:4;4:5;5:6	0,6	3	1000	32,32	64	32,32:64
sources-02/low-reserve-63	63,32	32,32	200,200,200,200,200,200,200	0:1;1:2;2:3;3:4;4:5;5:6	0,6	3	1000	32,32	64	32,32:64
sources-02/selection-trace-0	2048,2048	32,32	25,25,25,25,25,25,25	0:1;1:2;2:3;3:4;4:5;5:6	0,6	2,4	10000,10000	2048,2048	2336,1760	32,32:32,32|32,32:32,32|32,32:32,32|32,32:0,64|32,32:64,0|32,32:64,0|32,32:32,32|32,32:64,0|32,32:32,32|32,32:32,32|32,32:32,32|32,32:0,64|32,32:64,0|32,32:32,32|32,32:32,32|32,32:32,32|32,32:32,32|32,32:0,64|32,32:32,32|32,32:32,32|32,32:0,64|32,32:64,0|32,32:32,32|32,32:0,64|32,32:32,32|32,32:32,32|32,32:32,32|32,32:64,0|32,32:32,32|32,32:32,32|32,32:32,32|32,32:32,32|32,32:64,0|32,32:32,32|32,32:32,32|32,32:32,32|32,32:32,32|32,32:32,32|32,32:32,32|32,32:32,32|32,32:64,0|32,32:64,0|32,32:32,32|32,32:64,0|32,32:32,32|32,32:0,64|32,32:32,32|32,32:32,32|32,32:64,0|32,32:0,64|32,32:32,32|32,32:64,0|32,32:32,32|32,32:64,0|32,32:32,32|32,32:64,0|32,32:32,32|32,32:64,0|32,32:32,32|32,32:64,0|32,32:0,64|32,32:32,32|32,32:32,32|32,32:64,0
sources-02/selection-trace-1	2048,2048	32,32	25,25,25,25,25,25,25	0:1;1:2;2:3;3:4;4:5;5:6	0,6	2,4	10000,10000	2048,2048	1984,2112	32,32:32,32|32,32:64,0|32,32:32,32|32,32:32,32|32,32:64,0|32,32:64,0|32,32:32,32|32,32:64,0|32,32:0,64|32,32:0,64|32,32:32,32|32,32:64,0|32,32:0,64|32,32:32,32|32,32:32,32|32,32:32,32|32,32:32,32|32,32:32,32|32,32:32,32|32,32:32,32|32,32:64,0|32,32:0,64|32,32:32,32|32,32:32,32|32,32:32,32|32,32:64,0|32,32:32,32|32,32:32,32|32,32:64,0|32,32:64,0|32,32:32,32|32,32:32,32|32,32:32,32|32,32:32,32|32,32:32,32|32,32:0,64|32,32:32,32|32,32:0,64|32,32:32,32|32,32:32,32|32,32:0,64|32,32:32,32|32,32:32,32|32,32:32,32|32,32:32,32|32,32:64,0|32,32:32,32|32,32:0,64|32,32:32,32|32,32:0,64|32,32:32,32|32,32:32,32|32,32:64,0|32,32:32,32|32,32:32,32|32,32:0,64|32,32:64,0|32,32:0,64|32,32:32,32|32,32:0,64|32,32:0,64|32,32:32,32|32,32:32,32|32,32:0,64
sources-02/selection-trace-2	2048,2048	32,32	25,25,25,25,25,25,25	0:1;1:2;2:3;3:4;4:5;5:6	0,6	2,4	10000,10000	2048,2048	2112,1984	32,32:32,32|32,32:64,0|32,32:32,32|32,32:32,32|32,32:64,0|32,32:32,32|32,32:32,32|32,32:32,32|32,32:32,32|32,32:32,32|32,32:32,32|32,32:32,32|32,32:0,64|32,32:0,64|32,32:32,32|32,32:32,32|32,32:0,64|32,32:64,0|32,32:32,32|32,32:64,0|32,32:32,32|32,32:32,32|32,32:32,32|32,32:32,32|32,32:0,64|32,32:32,32|32,32:32,32|32,32:0,64|32,32:0,64|32,32:32,32|32,32:32,32|32,32:32,32|32,32:64,0|32,32:32,32|32,32:32,32|32,32:32,32|32,32:32,32|32,32:32,32|32,32:32,32|32,32:32,32|32,32:32,32|32,32:64,0|32,32:32,32|32,32:64,0|32,32:0,64|32,32:64,0|32,32:32,32|32,32:32,32|32,32:32,32|32,32:0,64|32,32:32,32|32,32:0,64|32,32:64,0|32,32:64,0|32,32:32,32|32,32:32,32|32,32:64,0|32,32:0,64|32,32:32,32|32,32:64,0|32,32:0,64|32,32:32,32|32,32:32,32|32,32:64,0
sources-02/selection-trace-3	2048,2048	32,32	25,25,25,25,25,25,25	0:1;1:2;2:3;3:4;4:5;5:6	0,6	2,4	10000,10000	2048,2048	1920,2176	32,32:32,32|32,32:32,32|32,32:32,32|32,32:32,32|32,32:32,32|32,32:64,0|32,32:32,32|32,32:64,0|32,32:32,32|32,32:32,32|32,32:32,32|32,32:32,32|32,32:0,64|32,32:32,32|32,32:32,32|32,32:0,64|32,32:0,64|32,32:32,32|32,32:32,32|32,32:32,32|32,32:32,32|32,32:0,64|32,32:32,32|32,32:32,32|32,32:32,32|32,32:32,32|32,32:32,32|32,32:32,32|32,32:32,32|32,32:0,64|32,32:32,32|32,32:64,0|32,32:64,0|32,32:0,64|32,32:32,32|32,32:32,32|32,32:0,64|32,32:32,32|32,32:32,32|32,32:32,32|32,32:32,32|32,32:32,32|32,32:32,32|32,32:64,0|32,32:32,32|32,32:32,32|32,32:32,32|32,32:32,32|32,32:64,0|32,32:0,64|32,32:32,32|32,32:32,32|32,32:64,0|32,32:0,64|32,32:32,32|32,32:32,32|32,32:32,32|32,32:0,64|32,32:32,32|32,32:0,64|32,32:64,0|32,32:0,64|32,32:32,32|32,32:32,32
overshoot-confirm/repeat-0-spaces16,16-energy64,64	64,64	32,32	200,200,200,200,200,200,200	0:1;1:2;2:3;3:4;4:5;5:6	0,6	2,4	16,16	32,16	16,31	32,16:16,31
overshoot-confirm/repeat-1-spaces16,16-energy64,64	64,64	32,32	200,200,200,200,200,200,200	0:1;1:2;2:3;3:4;4:5;5:6	0,6	2,4	16,16	17,32	16,31	17,32:16,31
overshoot-confirm/repeat-2-spaces16,16-energy64,64	64,64	32,32	200,200,200,200,200,200,200	0:1;1:2;2:3;3:4;4:5;5:6	0,6	2,4	16,16	32,16	16,31	32,16:16,31
overshoot-confirm/repeat-3-spaces16,16-energy64,64	64,64	32,32	200,200,200,200,200,200,200	0:1;1:2;2:3;3:4;4:5;5:6	0,6	2,4	16,16	32,17	31,16	32,17:31,16
overshoot-confirm/repeat-4-spaces32,32-energy64,64	64,64	32,32	200,200,200,200,200,200,200	0:1;1:2;2:3;3:4;4:5;5:6	0,6	2,4	32,32	32,32	32,32	32,32:32,32
overshoot-confirm/repeat-5-spaces32,32-energy64,64	64,64	32,32	200,200,200,200,200,200,200	0:1;1:2;2:3;3:4;4:5;5:6	0,6	2,4	32,32	64,64	63,63	32,32:63,0|32,32:0,63
overshoot-confirm/repeat-6-spaces32,32-energy64,64	64,64	32,32	200,200,200,200,200,200,200	0:1;1:2;2:3;3:4;4:5;5:6	0,6	2,4	32,32	64,64	63,63	32,32:0,63|32,32:63,0
overshoot-confirm/repeat-7-spaces32,32-energy64,64	64,64	32,32	200,200,200,200,200,200,200	0:1;1:2;2:3;3:4;4:5;5:6	0,6	2,4	32,32	32,64	63,32	32,32:63,0|0,32:0,32
overshoot-confirm/repeat-8-spaces16,16-energy64,0	64,0	32,32	200,200,200,200,200,200,200	0:1;1:2;2:3;3:4;4:5;5:6	0,6	2,4	16,16	33,0	16,16	32,0:15,16|1,0:1,0
overshoot-confirm/repeat-9-spaces16,16-energy0,64	0,64	32,32	200,200,200,200,200,200,200	0:1;1:2;2:3;3:4;4:5;5:6	0,6	2,4	16,16	0,33	16,16	0,32:16,15|0,1:0,1
overshoot-confirm/repeat-10-spaces16,16-energy64,0	64,0	32,32	200,200,200,200,200,200,200	0:1;1:2;2:3;3:4;4:5;5:6	0,6	2,4	16,16	33,0	16,16	32,0:15,16|1,0:1,0
overshoot-confirm/repeat-11-spaces16,16-energy0,64	0,64	32,32	200,200,200,200,200,200,200	0:1;1:2;2:3;3:4;4:5;5:6	0,6	2,4	16,16	0,33	16,16	0,32:16,15|0,1:0,1
overshoot-confirm/repeat-12-spaces1,1-energy64,64	64,64	32,32	200,200,200,200,200,200,200	0:1;1:2;2:3;3:4;4:5;5:6	0,6	2,4	1,1	0,3	1,1	0,3:1,1
overshoot-confirm/repeat-13-spaces1,1-energy64,64	64,64	32,32	200,200,200,200,200,200,200	0:1;1:2;2:3;3:4;4:5;5:6	0,6	2,4	1,1	3,0	1,1	3,0:1,1
overshoot-confirm/repeat-14-spaces16,16-energy31,64	31,64	32,32	200,200,200,200,200,200,200	0:1;1:2;2:3;3:4;4:5;5:6	0,6	2,4	16,16	0,33	16,16	0,32:16,15|0,1:0,1
overshoot-confirm/repeat-15-spaces16,16-energy64,31	64,31	32,32	200,200,200,200,200,200,200	0:1;1:2;2:3;3:4;4:5;5:6	0,6	2,4	16,16	34,0	16,16	32,0:16,15|2,0:0,1
