case	low	buffer	room_a	room_b	debit	credit_a	credit_b
LV-loss1-2-rooms30-40000000/21	32	256	30	40000000	128	0	120
LV-loss1-2-rooms30-40000000/22	32	128	30	39999880	128	0	120
LV-loss1-2-rooms30-40000000/23	32	0	30	39999760	0	0	0
LV-loss1-2-rooms30-40000000/24	32	0	30	39999760	0	0	0
LV-loss1-2-rooms30-40000000/25	32	0	30	39999760	0	0	0
LV-loss1-2-rooms30-40000000/26	32	0	30	39999760	0	0	0
LV-loss1-2-rooms30-40000000/27	32	0	30	39999760	0	0	0
LV-loss1-2-rooms30-40000000/28	32	0	30	39999760	0	0	0
LV-loss1-2-rooms30-40000000/29	32	0	30	39999760	0	0	0
LV-loss1-2-rooms30-40000000/30	32	0	30	39999760	0	0	0
LV-loss1-2-rooms30-40000000/31	32	0	30	39999760	0	0	0
LV-loss1-2-rooms30-40000000/32	32	0	30	39999760	0	0	0
LV-loss1-2-rooms30-40000000/33	32	0	30	39999760	0	0	0
LV-loss1-2-rooms30-40000000/34	32	0	30	39999760	0	0	0
LV-loss1-2-rooms30-40000000/35	32	0	30	39999760	0	0	0
LV-loss1-2-rooms30-40000000/36	32	0	30	39999760	0	0	0
LV-loss1-2-rooms30-40000000/37	32	0	30	39999760	0	0	0
LV-loss1-2-rooms30-40000000/38	32	0	30	39999760	0	0	0
LV-loss1-2-rooms30-40000000/39	32	0	30	39999760	0	0	0
LV-loss1-2-rooms30-40000000/40	32	0	30	39999760	0	0	0
LV-loss1-2-rooms30-40000000/41	32	0	30	39999760	0	0	0
LV-loss1-2-rooms30-40000000/42	32	0	30	39999760	0	0	0
LV-loss1-2-rooms30-40000000/43	32	0	30	39999760	0	0	0
LV-loss1-2-rooms30-40000000/44	32	0	30	39999760	0	0	0
LV-loss1-2-rooms30-40000000/45	32	0	30	39999760	0	0	0
LV-loss1-2-rooms30-40000000/46	32	0	30	39999760	0	0	0
LV-loss1-2-rooms30-40000000/47	32	0	30	39999760	0	0	0
LV-loss1-2-rooms30-40000000/48	32	0	30	39999760	0	0	0
LV-loss1-2-rooms30-40000000/49	32	0	30	39999760	0	0	0
LV-loss1-2-rooms30-40000000/50	32	0	30	39999760	0	0	0
LV-loss1-2-rooms30-40000000/51	32	0	30	39999760	0	0	0
LV-loss1-2-rooms30-40000000/52	32	0	30	39999760	0	0	0
LV-loss1-2-rooms30-40000000/53	32	0	30	39999760	0	0	0
LV-loss1-2-rooms30-40000000/54	32	0	30	39999760	0	0	0
LV-loss1-2-rooms30-40000000/55	32	0	30	39999760	0	0	0
LV-loss1-2-rooms30-40000000/56	32	0	30	39999760	0	0	0
LV-loss1-2-rooms30-40000000/57	32	0	30	39999760	0	0	0
LV-loss1-2-rooms30-40000000/58	32	0	30	39999760	0	0	0
LV-loss1-2-rooms30-40000000/59	32	0	30	39999760	0	0	0
LV-loss1-2-rooms30-40000000/60	32	0	30	39999760	0	0	0
MV-loss1-2-rooms126-40000000/21	128	1024	126	40000000	512	0	504
MV-loss1-2-rooms126-40000000/22	128	512	126	39999496	511	126	378
MV-loss1-2-rooms126-40000000/23	128	1	0	39999118	0	0	0
MV-loss1-2-rooms126-40000000/24	128	1	0	39999118	0	0	0
MV-loss1-2-rooms126-40000000/25	128	1	0	39999118	0	0	0
MV-loss1-2-rooms126-40000000/26	128	1	0	39999118	0	0	0
MV-loss1-2-rooms126-40000000/27	128	1	0	39999118	0	0	0
MV-loss1-2-rooms126-40000000/28	128	1	0	39999118	0	0	0
MV-loss1-2-rooms126-40000000/29	128	1	0	39999118	0	0	0
MV-loss1-2-rooms126-40000000/30	128	1	0	39999118	0	0	0
MV-loss1-2-rooms126-40000000/31	128	1	0	39999118	0	0	0
MV-loss1-2-rooms126-40000000/32	128	1	0	39999118	0	0	0
MV-loss1-2-rooms126-40000000/33	128	1	0	39999118	0	0	0
MV-loss1-2-rooms126-40000000/34	128	1	0	39999118	0	0	0
MV-loss1-2-rooms126-40000000/35	128	1	0	39999118	0	0	0
MV-loss1-2-rooms126-40000000/36	128	1	0	39999118	0	0	0
MV-loss1-2-rooms126-40000000/37	128	1	0	39999118	0	0	0
MV-loss1-2-rooms126-40000000/38	128	1	0	39999118	0	0	0
MV-loss1-2-rooms126-40000000/39	128	1	0	39999118	0	0	0
MV-loss1-2-rooms126-40000000/40	128	1	0	39999118	0	0	0
MV-loss1-2-rooms126-40000000/41	128	1	0	39999118	0	0	0
MV-loss1-2-rooms126-40000000/42	128	1	0	39999118	0	0	0
MV-loss1-2-rooms126-40000000/43	128	1	0	39999118	0	0	0
MV-loss1-2-rooms126-40000000/44	128	1	0	39999118	0	0	0
MV-loss1-2-rooms126-40000000/45	128	1	0	39999118	0	0	0
MV-loss1-2-rooms126-40000000/46	128	1	0	39999118	0	0	0
MV-loss1-2-rooms126-40000000/47	128	1	0	39999118	0	0	0
MV-loss1-2-rooms126-40000000/48	128	1	0	39999118	0	0	0
MV-loss1-2-rooms126-40000000/49	128	1	0	39999118	0	0	0
MV-loss1-2-rooms126-40000000/50	128	1	0	39999118	0	0	0
MV-loss1-2-rooms126-40000000/51	128	1	0	39999118	0	0	0
MV-loss1-2-rooms126-40000000/52	128	1	0	39999118	0	0	0
MV-loss1-2-rooms126-40000000/53	128	1	0	39999118	0	0	0
MV-loss1-2-rooms126-40000000/54	128	1	0	39999118	0	0	0
MV-loss1-2-rooms126-40000000/55	128	1	0	39999118	0	0	0
MV-loss1-2-rooms126-40000000/56	128	1	0	39999118	0	0	0
MV-loss1-2-rooms126-40000000/57	128	1	0	39999118	0	0	0
MV-loss1-2-rooms126-40000000/58	128	1	0	39999118	0	0	0
MV-loss1-2-rooms126-40000000/59	128	1	0	39999118	0	0	0
MV-loss1-2-rooms126-40000000/60	128	1	0	39999118	0	0	0
HV-loss1-2-rooms510-40000000/21	512	4096	510	40000000	2047	510	1530
HV-loss1-2-rooms510-40000000/22	512	2049	0	39998470	2048	0	2040
HV-loss1-2-rooms510-40000000/23	512	1	0	39996430	0	0	0
HV-loss1-2-rooms510-40000000/24	512	1	0	39996430	0	0	0
HV-loss1-2-rooms510-40000000/25	512	1	0	39996430	0	0	0
HV-loss1-2-rooms510-40000000/26	512	1	0	39996430	0	0	0
HV-loss1-2-rooms510-40000000/27	512	1	0	39996430	0	0	0
HV-loss1-2-rooms510-40000000/28	512	1	0	39996430	0	0	0
HV-loss1-2-rooms510-40000000/29	512	1	0	39996430	0	0	0
HV-loss1-2-rooms510-40000000/30	512	1	0	39996430	0	0	0
HV-loss1-2-rooms510-40000000/31	512	1	0	39996430	0	0	0
HV-loss1-2-rooms510-40000000/32	512	1	0	39996430	0	0	0
HV-loss1-2-rooms510-40000000/33	512	1	0	39996430	0	0	0
HV-loss1-2-rooms510-40000000/34	512	1	0	39996430	0	0	0
HV-loss1-2-rooms510-40000000/35	512	1	0	39996430	0	0	0
HV-loss1-2-rooms510-40000000/36	512	1	0	39996430	0	0	0
HV-loss1-2-rooms510-40000000/37	512	1	0	39996430	0	0	0
HV-loss1-2-rooms510-40000000/38	512	1	0	39996430	0	0	0
HV-loss1-2-rooms510-40000000/39	512	1	0	39996430	0	0	0
HV-loss1-2-rooms510-40000000/40	512	1	0	39996430	0	0	0
HV-loss1-2-rooms510-40000000/41	512	1	0	39996430	0	0	0
HV-loss1-2-rooms510-40000000/42	512	1	0	39996430	0	0	0
HV-loss1-2-rooms510-40000000/43	512	1	0	39996430	0	0	0
HV-loss1-2-rooms510-40000000/44	512	1	0	39996430	0	0	0
HV-loss1-2-rooms510-40000000/45	512	1	0	39996430	0	0	0
HV-loss1-2-rooms510-40000000/46	512	1	0	39996430	0	0	0
HV-loss1-2-rooms510-40000000/47	512	1	0	39996430	0	0	0
HV-loss1-2-rooms510-40000000/48	512	1	0	39996430	0	0	0
HV-loss1-2-rooms510-40000000/49	512	1	0	39996430	0	0	0
HV-loss1-2-rooms510-40000000/50	512	1	0	39996430	0	0	0
HV-loss1-2-rooms510-40000000/51	512	1	0	39996430	0	0	0
HV-loss1-2-rooms510-40000000/52	512	1	0	39996430	0	0	0
HV-loss1-2-rooms510-40000000/53	512	1	0	39996430	0	0	0
HV-loss1-2-rooms510-40000000/54	512	1	0	39996430	0	0	0
HV-loss1-2-rooms510-40000000/55	512	1	0	39996430	0	0	0
HV-loss1-2-rooms510-40000000/56	512	1	0	39996430	0	0	0
HV-loss1-2-rooms510-40000000/57	512	1	0	39996430	0	0	0
HV-loss1-2-rooms510-40000000/58	512	1	0	39996430	0	0	0
HV-loss1-2-rooms510-40000000/59	512	1	0	39996430	0	0	0
HV-loss1-2-rooms510-40000000/60	512	1	0	39996430	0	0	0
EV-loss1-2-rooms2046-40000000/21	2048	16384	2046	40000000	8192	0	8184
EV-loss1-2-rooms2046-40000000/22	2048	8192	2046	39991816	8192	0	8184
EV-loss1-2-rooms2046-40000000/23	2048	0	2046	39983632	0	0	0
EV-loss1-2-rooms2046-40000000/24	2048	0	2046	39983632	0	0	0
EV-loss1-2-rooms2046-40000000/25	2048	0	2046	39983632	0	0	0
EV-loss1-2-rooms2046-40000000/26	2048	0	2046	39983632	0	0	0
EV-loss1-2-rooms2046-40000000/27	2048	0	2046	39983632	0	0	0
EV-loss1-2-rooms2046-40000000/28	2048	0	2046	39983632	0	0	0
EV-loss1-2-rooms2046-40000000/29	2048	0	2046	39983632	0	0	0
EV-loss1-2-rooms2046-40000000/30	2048	0	2046	39983632	0	0	0
EV-loss1-2-rooms2046-40000000/31	2048	0	2046	39983632	0	0	0
EV-loss1-2-rooms2046-40000000/32	2048	0	2046	39983632	0	0	0
EV-loss1-2-rooms2046-40000000/33	2048	0	2046	39983632	0	0	0
EV-loss1-2-rooms2046-40000000/34	2048	0	2046	39983632	0	0	0
EV-loss1-2-rooms2046-40000000/35	2048	0	2046	39983632	0	0	0
EV-loss1-2-rooms2046-40000000/36	2048	0	2046	39983632	0	0	0
EV-loss1-2-rooms2046-40000000/37	2048	0	2046	39983632	0	0	0
EV-loss1-2-rooms2046-40000000/38	2048	0	2046	39983632	0	0	0
EV-loss1-2-rooms2046-40000000/39	2048	0	2046	39983632	0	0	0
EV-loss1-2-rooms2046-40000000/40	2048	0	2046	39983632	0	0	0
EV-loss1-2-rooms2046-40000000/41	2048	0	2046	39983632	0	0	0
EV-loss1-2-rooms2046-40000000/42	2048	0	2046	39983632	0	0	0
EV-loss1-2-rooms2046-40000000/43	2048	0	2046	39983632	0	0	0
EV-loss1-2-rooms2046-40000000/44	2048	0	2046	39983632	0	0	0
EV-loss1-2-rooms2046-40000000/45	2048	0	2046	39983632	0	0	0
EV-loss1-2-rooms2046-40000000/46	2048	0	2046	39983632	0	0	0
EV-loss1-2-rooms2046-40000000/47	2048	0	2046	39983632	0	0	0
EV-loss1-2-rooms2046-40000000/48	2048	0	2046	39983632	0	0	0
EV-loss1-2-rooms2046-40000000/49	2048	0	2046	39983632	0	0	0
EV-loss1-2-rooms2046-40000000/50	2048	0	2046	39983632	0	0	0
EV-loss1-2-rooms2046-40000000/51	2048	0	2046	39983632	0	0	0
EV-loss1-2-rooms2046-40000000/52	2048	0	2046	39983632	0	0	0
EV-loss1-2-rooms2046-40000000/53	2048	0	2046	39983632	0	0	0
EV-loss1-2-rooms2046-40000000/54	2048	0	2046	39983632	0	0	0
EV-loss1-2-rooms2046-40000000/55	2048	0	2046	39983632	0	0	0
EV-loss1-2-rooms2046-40000000/56	2048	0	2046	39983632	0	0	0
EV-loss1-2-rooms2046-40000000/57	2048	0	2046	39983632	0	0	0
EV-loss1-2-rooms2046-40000000/58	2048	0	2046	39983632	0	0	0
EV-loss1-2-rooms2046-40000000/59	2048	0	2046	39983632	0	0	0
EV-loss1-2-rooms2046-40000000/60	2048	0	2046	39983632	0	0	0
LV-loss1-2-rooms31-40000000/21	32	256	31	40000000	128	31	90
LV-loss1-2-rooms31-40000000/22	32	128	0	39999910	128	0	120
LV-loss1-2-rooms31-40000000/23	32	0	0	39999790	0	0	0
LV-loss1-2-rooms31-40000000/24	32	0	0	39999790	0	0	0
LV-loss1-2-rooms31-40000000/25	32	0	0	39999790	0	0	0
LV-loss1-2-rooms31-40000000/26	32	0	0	39999790	0	0	0
LV-loss1-2-rooms31-40000000/27	32	0	0	39999790	0	0	0
LV-loss1-2-rooms31-40000000/28	32	0	0	39999790	0	0	0
LV-loss1-2-rooms31-40000000/29	32	0	0	39999790	0	0	0
LV-loss1-2-rooms31-40000000/30	32	0	0	39999790	0	0	0
LV-loss1-2-rooms31-40000000/31	32	0	0	39999790	0	0	0
LV-loss1-2-rooms31-40000000/32	32	0	0	39999790	0	0	0
LV-loss1-2-rooms31-40000000/33	32	0	0	39999790	0	0	0
LV-loss1-2-rooms31-40000000/34	32	0	0	39999790	0	0	0
LV-loss1-2-rooms31-40000000/35	32	0	0	39999790	0	0	0
LV-loss1-2-rooms31-40000000/36	32	0	0	39999790	0	0	0
LV-loss1-2-rooms31-40000000/37	32	0	0	39999790	0	0	0
LV-loss1-2-rooms31-40000000/38	32	0	0	39999790	0	0	0
LV-loss1-2-rooms31-40000000/39	32	0	0	39999790	0	0	0
LV-loss1-2-rooms31-40000000/40	32	0	0	39999790	0	0	0
LV-loss1-2-rooms31-40000000/41	32	0	0	39999790	0	0	0
LV-loss1-2-rooms31-40000000/42	32	0	0	39999790	0	0	0
LV-loss1-2-rooms31-40000000/43	32	0	0	39999790	0	0	0
LV-loss1-2-rooms31-40000000/44	32	0	0	39999790	0	0	0
LV-loss1-2-rooms31-40000000/45	32	0	0	39999790	0	0	0
LV-loss1-2-rooms31-40000000/46	32	0	0	39999790	0	0	0
LV-loss1-2-rooms31-40000000/47	32	0	0	39999790	0	0	0
LV-loss1-2-rooms31-40000000/48	32	0	0	39999790	0	0	0
LV-loss1-2-rooms31-40000000/49	32	0	0	39999790	0	0	0
LV-loss1-2-rooms31-40000000/50	32	0	0	39999790	0	0	0
LV-loss1-2-rooms31-40000000/51	32	0	0	39999790	0	0	0
LV-loss1-2-rooms31-40000000/52	32	0	0	39999790	0	0	0
LV-loss1-2-rooms31-40000000/53	32	0	0	39999790	0	0	0
LV-loss1-2-rooms31-40000000/54	32	0	0	39999790	0	0	0
LV-loss1-2-rooms31-40000000/55	32	0	0	39999790	0	0	0
LV-loss1-2-rooms31-40000000/56	32	0	0	39999790	0	0	0
LV-loss1-2-rooms31-40000000/57	32	0	0	39999790	0	0	0
LV-loss1-2-rooms31-40000000/58	32	0	0	39999790	0	0	0
LV-loss1-2-rooms31-40000000/59	32	0	0	39999790	0	0	0
LV-loss1-2-rooms31-40000000/60	32	0	0	39999790	0	0	0
MV-loss1-2-rooms127-40000000/21	128	1024	127	40000000	512	127	378
MV-loss1-2-rooms127-40000000/22	128	512	0	39999622	512	0	504
MV-loss1-2-rooms127-40000000/23	128	0	0	39999118	0	0	0
MV-loss1-2-rooms127-40000000/24	128	0	0	39999118	0	0	0
MV-loss1-2-rooms127-40000000/25	128	0	0	39999118	0	0	0
MV-loss1-2-rooms127-40000000/26	128	0	0	39999118	0	0	0
MV-loss1-2-rooms127-40000000/27	128	0	0	39999118	0	0	0
MV-loss1-2-rooms127-40000000/28	128	0	0	39999118	0	0	0
MV-loss1-2-rooms127-40000000/29	128	0	0	39999118	0	0	0
MV-loss1-2-rooms127-40000000/30	128	0	0	39999118	0	0	0
MV-loss1-2-rooms127-40000000/31	128	0	0	39999118	0	0	0
MV-loss1-2-rooms127-40000000/32	128	0	0	39999118	0	0	0
MV-loss1-2-rooms127-40000000/33	128	0	0	39999118	0	0	0
MV-loss1-2-rooms127-40000000/34	128	0	0	39999118	0	0	0
MV-loss1-2-rooms127-40000000/35	128	0	0	39999118	0	0	0
MV-loss1-2-rooms127-40000000/36	128	0	0	39999118	0	0	0
MV-loss1-2-rooms127-40000000/37	128	0	0	39999118	0	0	0
MV-loss1-2-rooms127-40000000/38	128	0	0	39999118	0	0	0
MV-loss1-2-rooms127-40000000/39	128	0	0	39999118	0	0	0
MV-loss1-2-rooms127-40000000/40	128	0	0	39999118	0	0	0
MV-loss1-2-rooms127-40000000/41	128	0	0	39999118	0	0	0
MV-loss1-2-rooms127-40000000/42	128	0	0	39999118	0	0	0
MV-loss1-2-rooms127-40000000/43	128	0	0	39999118	0	0	0
MV-loss1-2-rooms127-40000000/44	128	0	0	39999118	0	0	0
MV-loss1-2-rooms127-40000000/45	128	0	0	39999118	0	0	0
MV-loss1-2-rooms127-40000000/46	128	0	0	39999118	0	0	0
MV-loss1-2-rooms127-40000000/47	128	0	0	39999118	0	0	0
MV-loss1-2-rooms127-40000000/48	128	0	0	39999118	0	0	0
MV-loss1-2-rooms127-40000000/49	128	0	0	39999118	0	0	0
MV-loss1-2-rooms127-40000000/50	128	0	0	39999118	0	0	0
MV-loss1-2-rooms127-40000000/51	128	0	0	39999118	0	0	0
MV-loss1-2-rooms127-40000000/52	128	0	0	39999118	0	0	0
MV-loss1-2-rooms127-40000000/53	128	0	0	39999118	0	0	0
MV-loss1-2-rooms127-40000000/54	128	0	0	39999118	0	0	0
MV-loss1-2-rooms127-40000000/55	128	0	0	39999118	0	0	0
MV-loss1-2-rooms127-40000000/56	128	0	0	39999118	0	0	0
MV-loss1-2-rooms127-40000000/57	128	0	0	39999118	0	0	0
MV-loss1-2-rooms127-40000000/58	128	0	0	39999118	0	0	0
MV-loss1-2-rooms127-40000000/59	128	0	0	39999118	0	0	0
MV-loss1-2-rooms127-40000000/60	128	0	0	39999118	0	0	0
HV-loss1-2-rooms511-40000000/21	512	4096	511	40000000	2048	511	1530
HV-loss1-2-rooms511-40000000/22	512	2048	0	39998470	2048	0	2040
HV-loss1-2-rooms511-40000000/23	512	0	0	39996430	0	0	0
HV-loss1-2-rooms511-40000000/24	512	0	0	39996430	0	0	0
HV-loss1-2-rooms511-40000000/25	512	0	0	39996430	0	0	0
HV-loss1-2-rooms511-40000000/26	512	0	0	39996430	0	0	0
HV-loss1-2-rooms511-40000000/27	512	0	0	39996430	0	0	0
HV-loss1-2-rooms511-40000000/28	512	0	0	39996430	0	0	0
HV-loss1-2-rooms511-40000000/29	512	0	0	39996430	0	0	0
HV-loss1-2-rooms511-40000000/30	512	0	0	39996430	0	0	0
HV-loss1-2-rooms511-40000000/31	512	0	0	39996430	0	0	0
HV-loss1-2-rooms511-40000000/32	512	0	0	39996430	0	0	0
HV-loss1-2-rooms511-40000000/33	512	0	0	39996430	0	0	0
HV-loss1-2-rooms511-40000000/34	512	0	0	39996430	0	0	0
HV-loss1-2-rooms511-40000000/35	512	0	0	39996430	0	0	0
HV-loss1-2-rooms511-40000000/36	512	0	0	39996430	0	0	0
HV-loss1-2-rooms511-40000000/37	512	0	0	39996430	0	0	0
HV-loss1-2-rooms511-40000000/38	512	0	0	39996430	0	0	0
HV-loss1-2-rooms511-40000000/39	512	0	0	39996430	0	0	0
HV-loss1-2-rooms511-40000000/40	512	0	0	39996430	0	0	0
HV-loss1-2-rooms511-40000000/41	512	0	0	39996430	0	0	0
HV-loss1-2-rooms511-40000000/42	512	0	0	39996430	0	0	0
HV-loss1-2-rooms511-40000000/43	512	0	0	39996430	0	0	0
HV-loss1-2-rooms511-40000000/44	512	0	0	39996430	0	0	0
HV-loss1-2-rooms511-40000000/45	512	0	0	39996430	0	0	0
HV-loss1-2-rooms511-40000000/46	512	0	0	39996430	0	0	0
HV-loss1-2-rooms511-40000000/47	512	0	0	39996430	0	0	0
HV-loss1-2-rooms511-40000000/48	512	0	0	39996430	0	0	0
HV-loss1-2-rooms511-40000000/49	512	0	0	39996430	0	0	0
HV-loss1-2-rooms511-40000000/50	512	0	0	39996430	0	0	0
HV-loss1-2-rooms511-40000000/51	512	0	0	39996430	0	0	0
HV-loss1-2-rooms511-40000000/52	512	0	0	39996430	0	0	0
HV-loss1-2-rooms511-40000000/53	512	0	0	39996430	0	0	0
HV-loss1-2-rooms511-40000000/54	512	0	0	39996430	0	0	0
HV-loss1-2-rooms511-40000000/55	512	0	0	39996430	0	0	0
HV-loss1-2-rooms511-40000000/56	512	0	0	39996430	0	0	0
HV-loss1-2-rooms511-40000000/57	512	0	0	39996430	0	0	0
HV-loss1-2-rooms511-40000000/58	512	0	0	39996430	0	0	0
HV-loss1-2-rooms511-40000000/59	512	0	0	39996430	0	0	0
HV-loss1-2-rooms511-40000000/60	512	0	0	39996430	0	0	0
EV-loss1-2-rooms2047-40000000/21	2048	16384	2047	40000000	8192	2047	6138
EV-loss1-2-rooms2047-40000000/22	2048	8192	0	39993862	8192	0	8184
EV-loss1-2-rooms2047-40000000/23	2048	0	0	39985678	0	0	0
EV-loss1-2-rooms2047-40000000/24	2048	0	0	39985678	0	0	0
EV-loss1-2-rooms2047-40000000/25	2048	0	0	39985678	0	0	0
EV-loss1-2-rooms2047-40000000/26	2048	0	0	39985678	0	0	0
EV-loss1-2-rooms2047-40000000/27	2048	0	0	39985678	0	0	0
EV-loss1-2-rooms2047-40000000/28	2048	0	0	39985678	0	0	0
EV-loss1-2-rooms2047-40000000/29	2048	0	0	39985678	0	0	0
EV-loss1-2-rooms2047-40000000/30	2048	0	0	39985678	0	0	0
EV-loss1-2-rooms2047-40000000/31	2048	0	0	39985678	0	0	0
EV-loss1-2-rooms2047-40000000/32	2048	0	0	39985678	0	0	0
EV-loss1-2-rooms2047-40000000/33	2048	0	0	39985678	0	0	0
EV-loss1-2-rooms2047-40000000/34	2048	0	0	39985678	0	0	0
EV-loss1-2-rooms2047-40000000/35	2048	0	0	39985678	0	0	0
EV-loss1-2-rooms2047-40000000/36	2048	0	0	39985678	0	0	0
EV-loss1-2-rooms2047-40000000/37	2048	0	0	39985678	0	0	0
EV-loss1-2-rooms2047-40000000/38	2048	0	0	39985678	0	0	0
EV-loss1-2-rooms2047-40000000/39	2048	0	0	39985678	0	0	0
EV-loss1-2-rooms2047-40000000/40	2048	0	0	39985678	0	0	0
EV-loss1-2-rooms2047-40000000/41	2048	0	0	39985678	0	0	0
EV-loss1-2-rooms2047-40000000/42	2048	0	0	39985678	0	0	0
EV-loss1-2-rooms2047-40000000/43	2048	0	0	39985678	0	0	0
EV-loss1-2-rooms2047-40000000/44	2048	0	0	39985678	0	0	0
EV-loss1-2-rooms2047-40000000/45	2048	0	0	39985678	0	0	0
EV-loss1-2-rooms2047-40000000/46	2048	0	0	39985678	0	0	0
EV-loss1-2-rooms2047-40000000/47	2048	0	0	39985678	0	0	0
EV-loss1-2-rooms2047-40000000/48	2048	0	0	39985678	0	0	0
EV-loss1-2-rooms2047-40000000/49	2048	0	0	39985678	0	0	0
EV-loss1-2-rooms2047-40000000/50	2048	0	0	39985678	0	0	0
EV-loss1-2-rooms2047-40000000/51	2048	0	0	39985678	0	0	0
EV-loss1-2-rooms2047-40000000/52	2048	0	0	39985678	0	0	0
EV-loss1-2-rooms2047-40000000/53	2048	0	0	39985678	0	0	0
EV-loss1-2-rooms2047-40000000/54	2048	0	0	39985678	0	0	0
EV-loss1-2-rooms2047-40000000/55	2048	0	0	39985678	0	0	0
EV-loss1-2-rooms2047-40000000/56	2048	0	0	39985678	0	0	0
EV-loss1-2-rooms2047-40000000/57	2048	0	0	39985678	0	0	0
EV-loss1-2-rooms2047-40000000/58	2048	0	0	39985678	0	0	0
EV-loss1-2-rooms2047-40000000/59	2048	0	0	39985678	0	0	0
EV-loss1-2-rooms2047-40000000/60	2048	0	0	39985678	0	0	0
LV-loss1-2-rooms32-32/21	32	256	32	32	128	124	0
LV-loss1-2-rooms32-32/22	32	128	0	32	128	0	120
LV-loss1-2-rooms32-32/23	32	0	0	0	0	0	0
LV-loss1-2-rooms32-32/24	32	0	0	0	0	0	0
LV-loss1-2-rooms32-32/25	32	0	0	0	0	0	0
LV-loss1-2-rooms32-32/26	32	0	0	0	0	0	0
LV-loss1-2-rooms32-32/27	32	0	0	0	0	0	0
LV-loss1-2-rooms32-32/28	32	0	0	0	0	0	0
LV-loss1-2-rooms32-32/29	32	0	0	0	0	0	0
LV-loss1-2-rooms32-32/30	32	0	0	0	0	0	0
LV-loss1-2-rooms32-32/31	32	0	0	0	0	0	0
LV-loss1-2-rooms32-32/32	32	0	0	0	0	0	0
LV-loss1-2-rooms32-32/33	32	0	0	0	0	0	0
LV-loss1-2-rooms32-32/34	32	0	0	0	0	0	0
LV-loss1-2-rooms32-32/35	32	0	0	0	0	0	0
LV-loss1-2-rooms32-32/36	32	0	0	0	0	0	0
LV-loss1-2-rooms32-32/37	32	0	0	0	0	0	0
LV-loss1-2-rooms32-32/38	32	0	0	0	0	0	0
LV-loss1-2-rooms32-32/39	32	0	0	0	0	0	0
LV-loss1-2-rooms32-32/40	32	0	0	0	0	0	0
LV-loss1-2-rooms32-32/41	32	0	0	0	0	0	0
LV-loss1-2-rooms32-32/42	32	0	0	0	0	0	0
LV-loss1-2-rooms32-32/43	32	0	0	0	0	0	0
LV-loss1-2-rooms32-32/44	32	0	0	0	0	0	0
LV-loss1-2-rooms32-32/45	32	0	0	0	0	0	0
LV-loss1-2-rooms32-32/46	32	0	0	0	0	0	0
LV-loss1-2-rooms32-32/47	32	0	0	0	0	0	0
LV-loss1-2-rooms32-32/48	32	0	0	0	0	0	0
LV-loss1-2-rooms32-32/49	32	0	0	0	0	0	0
LV-loss1-2-rooms32-32/50	32	0	0	0	0	0	0
LV-loss1-2-rooms32-32/51	32	0	0	0	0	0	0
LV-loss1-2-rooms32-32/52	32	0	0	0	0	0	0
LV-loss1-2-rooms32-32/53	32	0	0	0	0	0	0
LV-loss1-2-rooms32-32/54	32	0	0	0	0	0	0
LV-loss1-2-rooms32-32/55	32	0	0	0	0	0	0
LV-loss1-2-rooms32-32/56	32	0	0	0	0	0	0
LV-loss1-2-rooms32-32/57	32	0	0	0	0	0	0
LV-loss1-2-rooms32-32/58	32	0	0	0	0	0	0
LV-loss1-2-rooms32-32/59	32	0	0	0	0	0	0
LV-loss1-2-rooms32-32/60	32	0	0	0	0	0	0
MV-loss1-2-rooms128-128/21	128	1024	128	128	512	508	0
MV-loss1-2-rooms128-128/22	128	512	0	128	512	0	504
MV-loss1-2-rooms128-128/23	128	0	0	0	0	0	0
MV-loss1-2-rooms128-128/24	128	0	0	0	0	0	0
MV-loss1-2-rooms128-128/25	128	0	0	0	0	0	0
MV-loss1-2-rooms128-128/26	128	0	0	0	0	0	0
MV-loss1-2-rooms128-128/27	128	0	0	0	0	0	0
MV-loss1-2-rooms128-128/28	128	0	0	0	0	0	0
MV-loss1-2-rooms128-128/29	128	0	0	0	0	0	0
MV-loss1-2-rooms128-128/30	128	0	0	0	0	0	0
MV-loss1-2-rooms128-128/31	128	0	0	0	0	0	0
MV-loss1-2-rooms128-128/32	128	0	0	0	0	0	0
MV-loss1-2-rooms128-128/33	128	0	0	0	0	0	0
MV-loss1-2-rooms128-128/34	128	0	0	0	0	0	0
MV-loss1-2-rooms128-128/35	128	0	0	0	0	0	0
MV-loss1-2-rooms128-128/36	128	0	0	0	0	0	0
MV-loss1-2-rooms128-128/37	128	0	0	0	0	0	0
MV-loss1-2-rooms128-128/38	128	0	0	0	0	0	0
MV-loss1-2-rooms128-128/39	128	0	0	0	0	0	0
MV-loss1-2-rooms128-128/40	128	0	0	0	0	0	0
MV-loss1-2-rooms128-128/41	128	0	0	0	0	0	0
MV-loss1-2-rooms128-128/42	128	0	0	0	0	0	0
MV-loss1-2-rooms128-128/43	128	0	0	0	0	0	0
MV-loss1-2-rooms128-128/44	128	0	0	0	0	0	0
MV-loss1-2-rooms128-128/45	128	0	0	0	0	0	0
MV-loss1-2-rooms128-128/46	128	0	0	0	0	0	0
MV-loss1-2-rooms128-128/47	128	0	0	0	0	0	0
MV-loss1-2-rooms128-128/48	128	0	0	0	0	0	0
MV-loss1-2-rooms128-128/49	128	0	0	0	0	0	0
MV-loss1-2-rooms128-128/50	128	0	0	0	0	0	0
MV-loss1-2-rooms128-128/51	128	0	0	0	0	0	0
MV-loss1-2-rooms128-128/52	128	0	0	0	0	0	0
MV-loss1-2-rooms128-128/53	128	0	0	0	0	0	0
MV-loss1-2-rooms128-128/54	128	0	0	0	0	0	0
MV-loss1-2-rooms128-128/55	128	0	0	0	0	0	0
MV-loss1-2-rooms128-128/56	128	0	0	0	0	0	0
MV-loss1-2-rooms128-128/57	128	0	0	0	0	0	0
MV-loss1-2-rooms128-128/58	128	0	0	0	0	0	0
MV-loss1-2-rooms128-128/59	128	0	0	0	0	0	0
MV-loss1-2-rooms128-128/60	128	0	0	0	0	0	0
HV-loss1-2-rooms512-512/21	512	4096	512	512	2048	2044	0
HV-loss1-2-rooms512-512/22	512	2048	0	512	2048	0	2040
HV-loss1-2-rooms512-512/23	512	0	0	0	0	0	0
HV-loss1-2-rooms512-512/24	512	0	0	0	0	0	0
HV-loss1-2-rooms512-512/25	512	0	0	0	0	0	0
HV-loss1-2-rooms512-512/26	512	0	0	0	0	0	0
HV-loss1-2-rooms512-512/27	512	0	0	0	0	0	0
HV-loss1-2-rooms512-512/28	512	0	0	0	0	0	0
HV-loss1-2-rooms512-512/29	512	0	0	0	0	0	0
HV-loss1-2-rooms512-512/30	512	0	0	0	0	0	0
HV-loss1-2-rooms512-512/31	512	0	0	0	0	0	0
HV-loss1-2-rooms512-512/32	512	0	0	0	0	0	0
HV-loss1-2-rooms512-512/33	512	0	0	0	0	0	0
HV-loss1-2-rooms512-512/34	512	0	0	0	0	0	0
HV-loss1-2-rooms512-512/35	512	0	0	0	0	0	0
HV-loss1-2-rooms512-512/36	512	0	0	0	0	0	0
HV-loss1-2-rooms512-512/37	512	0	0	0	0	0	0
HV-loss1-2-rooms512-512/38	512	0	0	0	0	0	0
HV-loss1-2-rooms512-512/39	512	0	0	0	0	0	0
HV-loss1-2-rooms512-512/40	512	0	0	0	0	0	0
HV-loss1-2-rooms512-512/41	512	0	0	0	0	0	0
HV-loss1-2-rooms512-512/42	512	0	0	0	0	0	0
HV-loss1-2-rooms512-512/43	512	0	0	0	0	0	0
HV-loss1-2-rooms512-512/44	512	0	0	0	0	0	0
HV-loss1-2-rooms512-512/45	512	0	0	0	0	0	0
HV-loss1-2-rooms512-512/46	512	0	0	0	0	0	0
HV-loss1-2-rooms512-512/47	512	0	0	0	0	0	0
HV-loss1-2-rooms512-512/48	512	0	0	0	0	0	0
HV-loss1-2-rooms512-512/49	512	0	0	0	0	0	0
HV-loss1-2-rooms512-512/50	512	0	0	0	0	0	0
HV-loss1-2-rooms512-512/51	512	0	0	0	0	0	0
HV-loss1-2-rooms512-512/52	512	0	0	0	0	0	0
HV-loss1-2-rooms512-512/53	512	0	0	0	0	0	0
HV-loss1-2-rooms512-512/54	512	0	0	0	0	0	0
HV-loss1-2-rooms512-512/55	512	0	0	0	0	0	0
HV-loss1-2-rooms512-512/56	512	0	0	0	0	0	0
HV-loss1-2-rooms512-512/57	512	0	0	0	0	0	0
HV-loss1-2-rooms512-512/58	512	0	0	0	0	0	0
HV-loss1-2-rooms512-512/59	512	0	0	0	0	0	0
HV-loss1-2-rooms512-512/60	512	0	0	0	0	0	0
EV-loss1-2-rooms2048-2048/21	2048	16384	2048	2048	8192	0	8184
EV-loss1-2-rooms2048-2048/22	2048	8192	2048	0	8192	8188	0
EV-loss1-2-rooms2048-2048/23	2048	0	0	0	0	0	0
EV-loss1-2-rooms2048-2048/24	2048	0	0	0	0	0	0
EV-loss1-2-rooms2048-2048/25	2048	0	0	0	0	0	0
EV-loss1-2-rooms2048-2048/26	2048	0	0	0	0	0	0
EV-loss1-2-rooms2048-2048/27	2048	0	0	0	0	0	0
EV-loss1-2-rooms2048-2048/28	2048	0	0	0	0	0	0
EV-loss1-2-rooms2048-2048/29	2048	0	0	0	0	0	0
EV-loss1-2-rooms2048-2048/30	2048	0	0	0	0	0	0
EV-loss1-2-rooms2048-2048/31	2048	0	0	0	0	0	0
EV-loss1-2-rooms2048-2048/32	2048	0	0	0	0	0	0
EV-loss1-2-rooms2048-2048/33	2048	0	0	0	0	0	0
EV-loss1-2-rooms2048-2048/34	2048	0	0	0	0	0	0
EV-loss1-2-rooms2048-2048/35	2048	0	0	0	0	0	0
EV-loss1-2-rooms2048-2048/36	2048	0	0	0	0	0	0
EV-loss1-2-rooms2048-2048/37	2048	0	0	0	0	0	0
EV-loss1-2-rooms2048-2048/38	2048	0	0	0	0	0	0
EV-loss1-2-rooms2048-2048/39	2048	0	0	0	0	0	0
EV-loss1-2-rooms2048-2048/40	2048	0	0	0	0	0	0
EV-loss1-2-rooms2048-2048/41	2048	0	0	0	0	0	0
EV-loss1-2-rooms2048-2048/42	2048	0	0	0	0	0	0
EV-loss1-2-rooms2048-2048/43	2048	0	0	0	0	0	0
EV-loss1-2-rooms2048-2048/44	2048	0	0	0	0	0	0
EV-loss1-2-rooms2048-2048/45	2048	0	0	0	0	0	0
EV-loss1-2-rooms2048-2048/46	2048	0	0	0	0	0	0
EV-loss1-2-rooms2048-2048/47	2048	0	0	0	0	0	0
EV-loss1-2-rooms2048-2048/48	2048	0	0	0	0	0	0
EV-loss1-2-rooms2048-2048/49	2048	0	0	0	0	0	0
EV-loss1-2-rooms2048-2048/50	2048	0	0	0	0	0	0
EV-loss1-2-rooms2048-2048/51	2048	0	0	0	0	0	0
EV-loss1-2-rooms2048-2048/52	2048	0	0	0	0	0	0
EV-loss1-2-rooms2048-2048/53	2048	0	0	0	0	0	0
EV-loss1-2-rooms2048-2048/54	2048	0	0	0	0	0	0
EV-loss1-2-rooms2048-2048/55	2048	0	0	0	0	0	0
EV-loss1-2-rooms2048-2048/56	2048	0	0	0	0	0	0
EV-loss1-2-rooms2048-2048/57	2048	0	0	0	0	0	0
EV-loss1-2-rooms2048-2048/58	2048	0	0	0	0	0	0
EV-loss1-2-rooms2048-2048/59	2048	0	0	0	0	0	0
EV-loss1-2-rooms2048-2048/60	2048	0	0	0	0	0	0
LV-loss1-2-rooms33-33/21	32	256	33	33	128	124	0
LV-loss1-2-rooms33-33/22	32	128	0	33	128	0	120
LV-loss1-2-rooms33-33/23	32	0	0	0	0	0	0
LV-loss1-2-rooms33-33/24	32	0	0	0	0	0	0
LV-loss1-2-rooms33-33/25	32	0	0	0	0	0	0
LV-loss1-2-rooms33-33/26	32	0	0	0	0	0	0
LV-loss1-2-rooms33-33/27	32	0	0	0	0	0	0
LV-loss1-2-rooms33-33/28	32	0	0	0	0	0	0
LV-loss1-2-rooms33-33/29	32	0	0	0	0	0	0
LV-loss1-2-rooms33-33/30	32	0	0	0	0	0	0
LV-loss1-2-rooms33-33/31	32	0	0	0	0	0	0
LV-loss1-2-rooms33-33/32	32	0	0	0	0	0	0
LV-loss1-2-rooms33-33/33	32	0	0	0	0	0	0
LV-loss1-2-rooms33-33/34	32	0	0	0	0	0	0
LV-loss1-2-rooms33-33/35	32	0	0	0	0	0	0
LV-loss1-2-rooms33-33/36	32	0	0	0	0	0	0
LV-loss1-2-rooms33-33/37	32	0	0	0	0	0	0
LV-loss1-2-rooms33-33/38	32	0	0	0	0	0	0
LV-loss1-2-rooms33-33/39	32	0	0	0	0	0	0
LV-loss1-2-rooms33-33/40	32	0	0	0	0	0	0
LV-loss1-2-rooms33-33/41	32	0	0	0	0	0	0
LV-loss1-2-rooms33-33/42	32	0	0	0	0	0	0
LV-loss1-2-rooms33-33/43	32	0	0	0	0	0	0
LV-loss1-2-rooms33-33/44	32	0	0	0	0	0	0
LV-loss1-2-rooms33-33/45	32	0	0	0	0	0	0
LV-loss1-2-rooms33-33/46	32	0	0	0	0	0	0
LV-loss1-2-rooms33-33/47	32	0	0	0	0	0	0
LV-loss1-2-rooms33-33/48	32	0	0	0	0	0	0
LV-loss1-2-rooms33-33/49	32	0	0	0	0	0	0
LV-loss1-2-rooms33-33/50	32	0	0	0	0	0	0
LV-loss1-2-rooms33-33/51	32	0	0	0	0	0	0
LV-loss1-2-rooms33-33/52	32	0	0	0	0	0	0
LV-loss1-2-rooms33-33/53	32	0	0	0	0	0	0
LV-loss1-2-rooms33-33/54	32	0	0	0	0	0	0
LV-loss1-2-rooms33-33/55	32	0	0	0	0	0	0
LV-loss1-2-rooms33-33/56	32	0	0	0	0	0	0
LV-loss1-2-rooms33-33/57	32	0	0	0	0	0	0
LV-loss1-2-rooms33-33/58	32	0	0	0	0	0	0
LV-loss1-2-rooms33-33/59	32	0	0	0	0	0	0
LV-loss1-2-rooms33-33/60	32	0	0	0	0	0	0
MV-loss1-2-rooms129-129/21	128	1024	129	129	512	508	0
MV-loss1-2-rooms129-129/22	128	512	0	129	512	0	504
MV-loss1-2-rooms129-129/23	128	0	0	0	0	0	0
MV-loss1-2-rooms129-129/24	128	0	0	0	0	0	0
MV-loss1-2-rooms129-129/25	128	0	0	0	0	0	0
MV-loss1-2-rooms129-129/26	128	0	0	0	0	0	0
MV-loss1-2-rooms129-129/27	128	0	0	0	0	0	0
MV-loss1-2-rooms129-129/28	128	0	0	0	0	0	0
MV-loss1-2-rooms129-129/29	128	0	0	0	0	0	0
MV-loss1-2-rooms129-129/30	128	0	0	0	0	0	0
MV-loss1-2-rooms129-129/31	128	0	0	0	0	0	0
MV-loss1-2-rooms129-129/32	128	0	0	0	0	0	0
MV-loss1-2-rooms129-129/33	128	0	0	0	0	0	0
MV-loss1-2-rooms129-129/34	128	0	0	0	0	0	0
MV-loss1-2-rooms129-129/35	128	0	0	0	0	0	0
MV-loss1-2-rooms129-129/36	128	0	0	0	0	0	0
MV-loss1-2-rooms129-129/37	128	0	0	0	0	0	0
MV-loss1-2-rooms129-129/38	128	0	0	0	0	0	0
MV-loss1-2-rooms129-129/39	128	0	0	0	0	0	0
MV-loss1-2-rooms129-129/40	128	0	0	0	0	0	0
MV-loss1-2-rooms129-129/41	128	0	0	0	0	0	0
MV-loss1-2-rooms129-129/42	128	0	0	0	0	0	0
MV-loss1-2-rooms129-129/43	128	0	0	0	0	0	0
MV-loss1-2-rooms129-129/44	128	0	0	0	0	0	0
MV-loss1-2-rooms129-129/45	128	0	0	0	0	0	0
MV-loss1-2-rooms129-129/46	128	0	0	0	0	0	0
MV-loss1-2-rooms129-129/47	128	0	0	0	0	0	0
MV-loss1-2-rooms129-129/48	128	0	0	0	0	0	0
MV-loss1-2-rooms129-129/49	128	0	0	0	0	0	0
MV-loss1-2-rooms129-129/50	128	0	0	0	0	0	0
MV-loss1-2-rooms129-129/51	128	0	0	0	0	0	0
MV-loss1-2-rooms129-129/52	128	0	0	0	0	0	0
MV-loss1-2-rooms129-129/53	128	0	0	0	0	0	0
MV-loss1-2-rooms129-129/54	128	0	0	0	0	0	0
MV-loss1-2-rooms129-129/55	128	0	0	0	0	0	0
MV-loss1-2-rooms129-129/56	128	0	0	0	0	0	0
MV-loss1-2-rooms129-129/57	128	0	0	0	0	0	0
MV-loss1-2-rooms129-129/58	128	0	0	0	0	0	0
MV-loss1-2-rooms129-129/59	128	0	0	0	0	0	0
MV-loss1-2-rooms129-129/60	128	0	0	0	0	0	0
HV-loss1-2-rooms513-513/21	512	4096	513	513	2048	2044	0
HV-loss1-2-rooms513-513/22	512	2048	0	513	2048	0	2040
HV-loss1-2-rooms513-513/23	512	0	0	0	0	0	0
HV-loss1-2-rooms513-513/24	512	0	0	0	0	0	0
HV-loss1-2-rooms513-513/25	512	0	0	0	0	0	0
HV-loss1-2-rooms513-513/26	512	0	0	0	0	0	0
HV-loss1-2-rooms513-513/27	512	0	0	0	0	0	0
HV-loss1-2-rooms513-513/28	512	0	0	0	0	0	0
HV-loss1-2-rooms513-513/29	512	0	0	0	0	0	0
HV-loss1-2-rooms513-513/30	512	0	0	0	0	0	0
HV-loss1-2-rooms513-513/31	512	0	0	0	0	0	0
HV-loss1-2-rooms513-513/32	512	0	0	0	0	0	0
HV-loss1-2-rooms513-513/33	512	0	0	0	0	0	0
HV-loss1-2-rooms513-513/34	512	0	0	0	0	0	0
HV-loss1-2-rooms513-513/35	512	0	0	0	0	0	0
HV-loss1-2-rooms513-513/36	512	0	0	0	0	0	0
HV-loss1-2-rooms513-513/37	512	0	0	0	0	0	0
HV-loss1-2-rooms513-513/38	512	0	0	0	0	0	0
HV-loss1-2-rooms513-513/39	512	0	0	0	0	0	0
HV-loss1-2-rooms513-513/40	512	0	0	0	0	0	0
HV-loss1-2-rooms513-513/41	512	0	0	0	0	0	0
HV-loss1-2-rooms513-513/42	512	0	0	0	0	0	0
HV-loss1-2-rooms513-513/43	512	0	0	0	0	0	0
HV-loss1-2-rooms513-513/44	512	0	0	0	0	0	0
HV-loss1-2-rooms513-513/45	512	0	0	0	0	0	0
HV-loss1-2-rooms513-513/46	512	0	0	0	0	0	0
HV-loss1-2-rooms513-513/47	512	0	0	0	0	0	0
HV-loss1-2-rooms513-513/48	512	0	0	0	0	0	0
HV-loss1-2-rooms513-513/49	512	0	0	0	0	0	0
HV-loss1-2-rooms513-513/50	512	0	0	0	0	0	0
HV-loss1-2-rooms513-513/51	512	0	0	0	0	0	0
HV-loss1-2-rooms513-513/52	512	0	0	0	0	0	0
HV-loss1-2-rooms513-513/53	512	0	0	0	0	0	0
HV-loss1-2-rooms513-513/54	512	0	0	0	0	0	0
HV-loss1-2-rooms513-513/55	512	0	0	0	0	0	0
HV-loss1-2-rooms513-513/56	512	0	0	0	0	0	0
HV-loss1-2-rooms513-513/57	512	0	0	0	0	0	0
HV-loss1-2-rooms513-513/58	512	0	0	0	0	0	0
HV-loss1-2-rooms513-513/59	512	0	0	0	0	0	0
HV-loss1-2-rooms513-513/60	512	0	0	0	0	0	0
EV-loss1-2-rooms2049-2049/21	2048	16384	2049	2049	8192	0	8184
EV-loss1-2-rooms2049-2049/22	2048	8192	2049	0	8192	8188	0
EV-loss1-2-rooms2049-2049/23	2048	0	0	0	0	0	0
EV-loss1-2-rooms2049-2049/24	2048	0	0	0	0	0	0
EV-loss1-2-rooms2049-2049/25	2048	0	0	0	0	0	0
EV-loss1-2-rooms2049-2049/26	2048	0	0	0	0	0	0
EV-loss1-2-rooms2049-2049/27	2048	0	0	0	0	0	0
EV-loss1-2-rooms2049-2049/28	2048	0	0	0	0	0	0
EV-loss1-2-rooms2049-2049/29	2048	0	0	0	0	0	0
EV-loss1-2-rooms2049-2049/30	2048	0	0	0	0	0	0
EV-loss1-2-rooms2049-2049/31	2048	0	0	0	0	0	0
EV-loss1-2-rooms2049-2049/32	2048	0	0	0	0	0	0
EV-loss1-2-rooms2049-2049/33	2048	0	0	0	0	0	0
EV-loss1-2-rooms2049-2049/34	2048	0	0	0	0	0	0
EV-loss1-2-rooms2049-2049/35	2048	0	0	0	0	0	0
EV-loss1-2-rooms2049-2049/36	2048	0	0	0	0	0	0
EV-loss1-2-rooms2049-2049/37	2048	0	0	0	0	0	0
EV-loss1-2-rooms2049-2049/38	2048	0	0	0	0	0	0
EV-loss1-2-rooms2049-2049/39	2048	0	0	0	0	0	0
EV-loss1-2-rooms2049-2049/40	2048	0	0	0	0	0	0
EV-loss1-2-rooms2049-2049/41	2048	0	0	0	0	0	0
EV-loss1-2-rooms2049-2049/42	2048	0	0	0	0	0	0
EV-loss1-2-rooms2049-2049/43	2048	0	0	0	0	0	0
EV-loss1-2-rooms2049-2049/44	2048	0	0	0	0	0	0
EV-loss1-2-rooms2049-2049/45	2048	0	0	0	0	0	0
EV-loss1-2-rooms2049-2049/46	2048	0	0	0	0	0	0
EV-loss1-2-rooms2049-2049/47	2048	0	0	0	0	0	0
EV-loss1-2-rooms2049-2049/48	2048	0	0	0	0	0	0
EV-loss1-2-rooms2049-2049/49	2048	0	0	0	0	0	0
EV-loss1-2-rooms2049-2049/50	2048	0	0	0	0	0	0
EV-loss1-2-rooms2049-2049/51	2048	0	0	0	0	0	0
EV-loss1-2-rooms2049-2049/52	2048	0	0	0	0	0	0
EV-loss1-2-rooms2049-2049/53	2048	0	0	0	0	0	0
EV-loss1-2-rooms2049-2049/54	2048	0	0	0	0	0	0
EV-loss1-2-rooms2049-2049/55	2048	0	0	0	0	0	0
EV-loss1-2-rooms2049-2049/56	2048	0	0	0	0	0	0
EV-loss1-2-rooms2049-2049/57	2048	0	0	0	0	0	0
EV-loss1-2-rooms2049-2049/58	2048	0	0	0	0	0	0
EV-loss1-2-rooms2049-2049/59	2048	0	0	0	0	0	0
EV-loss1-2-rooms2049-2049/60	2048	0	0	0	0	0	0
