scenario	frame	key	value	start_credit	end_credit
03	98	.	.	0	31
03	99	.	.	0	31
03	100	.	.	0	31
03	101	1024/80/0	present	0	31
03	102	.	.	0	0
03	103	.	.	31	62
03	104	.	.	0	31
03	105	.	.	0	31
03	106	.	.	0	31
03	107	.	.	0	31
03	108	.	.	0	31
03	109	.	.	0	31
03	110	.	.	0	31
03	111	1024/80/0	-	0	31
03	112	.	.	0	0
03	113	.	.	31	62
03	114	.	.	0	31
03	115	.	.	0	31
03	116	.	.	0	31
03	117	.	.	0	31
03	118	.	.	0	31
03	119	.	.	0	31
03	120	.	.	0	31
03	121	1024/80/0	-	0	31
03	122	.	.	0	31
03	123	.	.	0	31
03	124	.	.	0	31
03	125	.	.	0	31
03	126	.	.	0	31
03	127	.	.	0	31
03	128	.	.	0	31
03	129	.	.	0	31
03	130	.	.	0	31
03	131	1024/80/0	-	0	31
03	132	.	.	0	31
03	133	.	.	0	31
03	134	.	.	0	31
03	135	.	.	0	31
03	136	.	.	0	31
03	137	.	.	0	31
03	138	.	.	0	31
03	139	.	.	0	31
03	140	.	.	0	31
03	141	1056/80/0	present	0	31
03	142	.	.	0	0
03	143	.	.	31	62
03	144	.	.	0	31
03	145	.	.	0	31
03	146	.	.	0	31
03	147	.	.	0	31
03	148	.	.	0	31
03	149	.	.	0	31
03	150	.	.	0	31
03	151	1056/80/0	-	0	31
03	152	.	.	0	0
03	153	.	.	31	62
03	154	.	.	0	31
03	155	.	.	0	31
03	156	.	.	0	31
04	98	.	.	0	31
04	99	.	.	0	31
04	100	.	.	0	31
04	101	1024/80/0	present	0	31
04	102	1024/80/0	-	0	31
04	103	1024/80/0	present	0	31
04	104	1024/80/0	-	0	31
04	105	1024/80/0	present	0	31
04	106	1024/80/0	-	0	31
04	107	1024/80/0	present	0	31
04	108	1024/80/0	-	0	31
04	109	1024/80/0	present	0	31
04	110	1024/80/0	-	0	31
04	111	.	.	0	31
04	112	.	.	0	31
04	113	.	.	0	31
04	114	.	.	0	31
04	115	.	.	0	31
04	116	.	.	0	31
04	117	.	.	0	31
04	118	.	.	0	31
04	119	.	.	0	31
04	120	.	.	0	31
04	121	1024/80/0	-	0	31
04	122	1024/80/0	-	0	31
04	123	1024/80/0	-	0	31
04	124	1024/80/0	-	0	31
04	125	1024/80/0	-	0	31
04	126	1024/80/0	-	0	31
04	127	1024/80/0	-	0	31
04	128	1024/80/0	-	0	31
04	129	1024/80/0	-	0	31
04	130	1024/80/0	-	0	31
04	131	.	.	0	31
04	132	.	.	0	31
04	133	.	.	0	31
04	134	.	.	0	31
04	135	.	.	0	31
04	136	.	.	0	31
04	137	.	.	0	31
04	138	.	.	0	31
04	139	.	.	0	31
04	140	.	.	0	31
04	141	1056/80/0	present	0	31
04	142	1056/80/0	-	0	31
04	143	1056/80/0	present	0	31
04	144	1056/80/0	-	0	31
04	145	1056/80/0	present	0	31
04	146	1056/80/0	-	0	31
04	147	1056/80/0	present	0	31
04	148	1056/80/0	-	0	31
04	149	1056/80/0	present	0	31
04	150	1056/80/0	-	0	31
04	151	.	.	0	31
04	152	.	.	0	31
04	153	.	.	0	31
04	154	.	.	0	31
04	155	.	.	0	31
04	156	.	.	0	31
04	157	.	.	0	31
04	158	.	.	0	31
04	159	.	.	0	31
04	160	.	.	0	31
04	161	.	.	0	31
04	162	.	.	0	31
04	163	.	.	0	31
04	164	.	.	0	31
04	165	.	.	0	31
04	166	.	.	0	31
