case	source_energy	packet	sink_room	loss_milli_per_wire	wire_count	wire_limit	observed_source_used	observed_sink_received	observed_wire_survival
r3-normal/batbox-copper-0	1024	32	40000	200	0	129	1024	1024	-
r3-normal/batbox-copper-1	1024	32	40000	200	1	129	1024	1024	1
r3-normal/batbox-copper-4	1024	32	40000	200	4	129	1024	1024	1111
r3-normal/batbox-copper-5	1024	32	40000	200	5	129	1024	992	11111
r3-normal/batbox-copper-6	1024	32	40000	200	6	129	1024	992	111111
r3-normal/batbox-copper-10	1024	32	40000	200	10	129	1024	960	1111111111
r3-normal/batbox-copper-20	1024	32	40000	200	20	129	1024	896	11111111111111111111
r3-normal/batbox-tin-1	1024	32	40000	200	1	33	1024	1024	1
r3-normal/batbox-tin-40	1024	32	40000	200	40	33	1024	768	1111111111111111111111111111111111111111
r3-normal/batbox-glass-1	1024	32	40000	25	1	2048	1024	1024	1
r3-normal/batbox-glass-40	1024	32	40000	25	40	2048	1024	992	1111111111111111111111111111111111111111
r3-normal/batbox-gold-1	1024	32	40000	400	1	513	1024	1024	1
r3-normal/batbox-gold-2	1024	32	40000	400	2	513	1024	1024	11
r3-normal/batbox-tin-4	1024	32	40000	200	4	33	1024	1024	1111
r3-normal/batbox-tin-5	1024	32	40000	200	5	33	1024	992	11111
r3-normal/batbox-copper-9	1024	32	40000	200	9	129	1024	992	111111111
r3-normal/batbox-gold-3	1024	32	40000	400	3	513	1024	992	111
r3-normal/batbox-gold-5	1024	32	40000	400	5	513	1024	960	11111
r3-normal/batbox-glass-39	1024	32	40000	25	39	2048	1024	1024	111111111111111111111111111111111111111
r3-normal/batbox-glass-41	1024	32	40000	25	41	2048	1024	992	11111111111111111111111111111111111111111
r3-normal/batbox-tin-bare-4	1024	32	40000	200	4	33	1024	1024	1111
r3-normal/batbox-tin-bare-5	1024	32	40000	200	5	33	1024	992	11111
r3-normal/batbox-copper-bare-4	1024	32	40000	200	4	129	1024	1024	1111
r3-normal/batbox-copper-bare-5	1024	32	40000	200	5	129	1024	992	11111
r3-normal/batbox-gold-bare-2	1024	32	40000	400	2	513	1024	1024	11
r3-normal/batbox-gold-bare-3	1024	32	40000	400	3	513	1024	992	111
r3-normal/batbox-gold-bare-5	1024	32	40000	400	5	513	1024	960	11111
r3-normal/batbox-iron-bare-1	1024	32	40000	800	1	2048	1024	1024	1
r3-normal/batbox-iron-bare-2	1024	32	40000	800	2	2048	1024	992	11
r3-normal/batbox-iron-1	1024	32	40000	800	1	2048	1024	1024	1
r3-normal/batbox-iron-2	1024	32	40000	800	2	2048	1024	992	11
r3-normal/batbox-iron-5	1024	32	40000	800	5	2048	1024	896	11111
r3-normal/batbox-iron-bare-10	1024	32	40000	800	10	2048	1024	768	1111111111
r3-normal/batbox-glass-80	1024	32	40000	25	80	2048	1024	960	11111111111111111111111111111111111111111111111111111111111111111111111111111111
r3-normal/batbox-copper-50	1024	32	40000	200	50	129	1024	704	11111111111111111111111111111111111111111111111111
r4-threshold/batbox-energy-0	0	32	40000000	25	1	2048	0	0	1
r4-threshold/batbox-energy-1	1	32	40000000	25	1	2048	0	0	1
r4-threshold/batbox-energy-31	31	32	40000000	25	1	2048	0	0	1
r4-threshold/batbox-energy-32	32	32	40000000	25	1	2048	32	32	1
r4-threshold/batbox-energy-33	33	32	40000000	25	1	2048	32	32	1
r4-threshold/batbox-energy-63	63	32	40000000	25	1	2048	32	32	1
r4-threshold/batbox-energy-64	64	32	40000000	25	1	2048	64	64	1
r4-threshold/batbox-energy-65	65	32	40000000	25	1	2048	64	64	1
r4-threshold/batbox-sink-space-1	64	32	1	25	1	2048	1	1	1
r4-threshold/batbox-sink-space-31	64	32	31	25	1	2048	31	31	1
r4-threshold/batbox-sink-space-32	64	32	32	25	1	2048	32	32	1
r4-threshold/batbox-sink-space-33	64	32	33	25	1	2048	33	33	1
r4-threshold/cesu-energy-0	0	128	40000000	25	1	2048	0	0	1
r4-threshold/cesu-energy-1	1	128	40000000	25	1	2048	0	0	1
r4-threshold/cesu-energy-127	127	128	40000000	25	1	2048	0	0	1
r4-threshold/cesu-energy-128	128	128	40000000	25	1	2048	128	128	1
r4-threshold/cesu-energy-129	129	128	40000000	25	1	2048	128	128	1
r4-threshold/cesu-energy-255	255	128	40000000	25	1	2048	128	128	1
r4-threshold/cesu-energy-256	256	128	40000000	25	1	2048	256	256	1
r4-threshold/cesu-energy-257	257	128	40000000	25	1	2048	256	256	1
r4-threshold/cesu-sink-space-1	256	128	1	25	1	2048	1	1	1
r4-threshold/cesu-sink-space-127	256	128	127	25	1	2048	127	127	1
r4-threshold/cesu-sink-space-128	256	128	128	25	1	2048	128	128	1
r4-threshold/cesu-sink-space-129	256	128	129	25	1	2048	129	129	1
r4-threshold/mfe-energy-0	0	512	40000000	25	1	2048	0	0	1
r4-threshold/mfe-energy-1	1	512	40000000	25	1	2048	0	0	1
r4-threshold/mfe-energy-511	511	512	40000000	25	1	2048	0	0	1
r4-threshold/mfe-energy-512	512	512	40000000	25	1	2048	512	512	1
r4-threshold/mfe-energy-513	513	512	40000000	25	1	2048	512	512	1
r4-threshold/mfe-energy-1023	1023	512	40000000	25	1	2048	512	512	1
r4-threshold/mfe-energy-1024	1024	512	40000000	25	1	2048	1024	1024	1
r4-threshold/mfe-energy-1025	1025	512	40000000	25	1	2048	1024	1024	1
r4-threshold/mfe-sink-space-1	1024	512	1	25	1	2048	1	1	1
r4-threshold/mfe-sink-space-511	1024	512	511	25	1	2048	511	511	1
r4-threshold/mfe-sink-space-512	1024	512	512	25	1	2048	512	512	1
r4-threshold/mfe-sink-space-513	1024	512	513	25	1	2048	513	513	1
r4-threshold/mfsu-energy-0	0	2048	40000000	25	1	2048	0	0	1
r4-threshold/mfsu-energy-1	1	2048	40000000	25	1	2048	0	0	1
r4-threshold/mfsu-energy-2047	2047	2048	40000000	25	1	2048	0	0	1
r4-threshold/mfsu-energy-2048	2048	2048	40000000	25	1	2048	2048	2048	1
r4-threshold/mfsu-energy-2049	2049	2048	40000000	25	1	2048	2048	2048	1
r4-threshold/mfsu-energy-4095	4095	2048	40000000	25	1	2048	2048	2048	1
r4-threshold/mfsu-energy-4096	4096	2048	40000000	25	1	2048	4096	4096	1
r4-threshold/mfsu-energy-4097	4097	2048	40000000	25	1	2048	4096	4096	1
r4-threshold/mfsu-sink-space-1	4096	2048	1	25	1	2048	1	1	1
r4-threshold/mfsu-sink-space-2047	4096	2048	2047	25	1	2048	2047	2047	1
r4-threshold/mfsu-sink-space-2048	4096	2048	2048	25	1	2048	2048	2048	1
r4-threshold/mfsu-sink-space-2049	4096	2048	2049	25	1	2048	2049	2049	1
partial-packets/cesu-tin-1-space0	256	128	0	200	1	33	0	0	1
partial-packets/cesu-tin-1-space1	256	128	1	200	1	33	1	1	1
partial-packets/cesu-tin-1-space31	256	128	31	200	1	33	31	31	1
partial-packets/cesu-tin-1-space32	256	128	32	200	1	33	32	32	1
partial-packets/cesu-tin-1-space33	256	128	33	200	1	33	33	33	1
partial-packets/cesu-tin-1-space127	256	128	127	200	1	33	127	127	0
partial-packets/cesu-tin-1-space128	256	128	128	200	1	33	128	128	0
partial-packets/cesu-tin-1-space129	256	128	129	200	1	33	128	128	0
partial-packets/cesu-tin-1-space511	256	128	511	200	1	33	128	128	0
partial-packets/cesu-tin-1-space512	256	128	512	200	1	33	128	128	0
partial-packets/cesu-tin-1-space513	256	128	513	200	1	33	128	128	0
partial-packets/cesu-tin-1-space2048	256	128	2048	200	1	33	128	128	0
partial-packets/mfe-copper-1-space0	1024	512	0	200	1	129	0	0	1
partial-packets/mfe-copper-1-space1	1024	512	1	200	1	129	1	1	1
partial-packets/mfe-copper-1-space31	1024	512	31	200	1	129	31	31	1
partial-packets/mfe-copper-1-space32	1024	512	32	200	1	129	32	32	1
partial-packets/mfe-copper-1-space33	1024	512	33	200	1	129	33	33	1
partial-packets/mfe-copper-1-space127	1024	512	127	200	1	129	127	127	1
partial-packets/mfe-copper-1-space128	1024	512	128	200	1	129	128	128	1
partial-packets/mfe-copper-1-space129	1024	512	129	200	1	129	129	129	1
partial-packets/mfe-copper-1-space511	1024	512	511	200	1	129	511	511	0
partial-packets/mfe-copper-1-space512	1024	512	512	200	1	129	512	512	0
partial-packets/mfe-copper-1-space513	1024	512	513	200	1	129	512	512	0
partial-packets/mfe-copper-1-space2048	1024	512	2048	200	1	129	512	512	0
partial-packets/mfsu-gold-1-space0	4096	2048	0	400	1	513	0	0	1
partial-packets/mfsu-gold-1-space1	4096	2048	1	400	1	513	1	1	1
partial-packets/mfsu-gold-1-space31	4096	2048	31	400	1	513	31	31	1
partial-packets/mfsu-gold-1-space32	4096	2048	32	400	1	513	32	32	1
partial-packets/mfsu-gold-1-space33	4096	2048	33	400	1	513	33	33	1
partial-packets/mfsu-gold-1-space127	4096	2048	127	400	1	513	127	127	1
partial-packets/mfsu-gold-1-space128	4096	2048	128	400	1	513	128	128	1
partial-packets/mfsu-gold-1-space129	4096	2048	129	400	1	513	129	129	1
partial-packets/mfsu-gold-1-space511	4096	2048	511	400	1	513	511	511	1
partial-packets/mfsu-gold-1-space512	4096	2048	512	400	1	513	512	512	1
partial-packets/mfsu-gold-1-space513	4096	2048	513	400	1	513	513	513	1
partial-packets/mfsu-gold-1-space2048	4096	2048	2048	400	1	513	2048	2048	0
partial-packets/batbox-copper-5-space0	64	32	0	200	5	129	0	0	11111
partial-packets/batbox-copper-5-space1	64	32	1	200	5	129	2	1	11111
partial-packets/batbox-copper-5-space31	64	32	31	200	5	129	32	31	11111
partial-packets/batbox-copper-5-space32	64	32	32	200	5	129	34	32	11111
partial-packets/batbox-copper-5-space33	64	32	33	200	5	129	35	33	11111
partial-packets/batbox-copper-5-space127	64	32	127	200	5	129	64	62	11111
partial-packets/batbox-copper-5-space128	64	32	128	200	5	129	64	62	11111
partial-packets/batbox-copper-5-space129	64	32	129	200	5	129	64	62	11111
partial-packets/batbox-glass-40-space0	64	32	0	25	40	2048	0	0	1??????????????????1???????????????????1
partial-packets/batbox-glass-40-space1	64	32	1	25	40	2048	2	1	1??????????????????1???????????????????1
partial-packets/batbox-glass-40-space31	64	32	31	25	40	2048	32	31	1??????????????????1???????????????????1
partial-packets/batbox-glass-40-space32	64	32	32	25	40	2048	34	32	1??????????????????1???????????????????1
partial-packets/batbox-glass-40-space33	64	32	33	25	40	2048	35	33	1??????????????????1???????????????????1
partial-packets/batbox-glass-40-space127	64	32	127	25	40	2048	64	62	1??????????????????1???????????????????1
partial-packets/batbox-glass-40-space128	64	32	128	25	40	2048	64	62	1??????????????????1???????????????????1
partial-packets/batbox-glass-40-space129	64	32	129	25	40	2048	64	62	1??????????????????1???????????????????1
partial-packets/cesu-tin-5-space0	256	128	0	200	5	33	0	0	11111
partial-packets/cesu-tin-5-space1	256	128	1	200	5	33	2	1	11111
partial-packets/cesu-tin-5-space31	256	128	31	200	5	33	32	31	11111
partial-packets/cesu-tin-5-space32	256	128	32	200	5	33	33	32	11111
partial-packets/cesu-tin-5-space33	256	128	33	200	5	33	34	33	00000
partial-packets/cesu-tin-5-space127	256	128	127	200	5	33	128	127	00000
partial-packets/cesu-tin-5-space128	256	128	128	200	5	33	128	127	00000
partial-packets/cesu-tin-5-space129	256	128	129	200	5	33	128	127	00000
fuse-boundaries/cesu-tin-1-space31	256	128	31	200	1	33	31	31	1
fuse-boundaries/cesu-tin-1-space32	256	128	32	200	1	33	32	32	1
fuse-boundaries/cesu-tin-1-space33	256	128	33	200	1	33	33	33	1
fuse-boundaries/cesu-tin-1-space34	256	128	34	200	1	33	34	34	0
fuse-boundaries/cesu-tin-1-space35	256	128	35	200	1	33	35	35	0
fuse-boundaries/cesu-tin-5-space31	256	128	31	200	5	33	32	31	11111
fuse-boundaries/cesu-tin-5-space32	256	128	32	200	5	33	33	32	11111
fuse-boundaries/cesu-tin-5-space33	256	128	33	200	5	33	34	33	00000
fuse-boundaries/cesu-tin-5-space34	256	128	34	200	5	33	35	34	00000
fuse-boundaries/cesu-tin-5-space35	256	128	35	200	5	33	36	35	00000
fuse-boundaries/cesu-tin-8-space31	256	128	31	200	8	33	32	31	11111111
fuse-boundaries/cesu-tin-8-space32	256	128	32	200	8	33	33	32	11111111
fuse-boundaries/cesu-tin-8-space33	256	128	33	200	8	33	34	33	00000000
fuse-boundaries/cesu-tin-8-space34	256	128	34	200	8	33	35	34	00000000
fuse-boundaries/cesu-tin-8-space35	256	128	35	200	8	33	36	35	00000000
fuse-boundaries/mfe-copper-1-space127	1024	512	127	200	1	129	127	127	1
fuse-boundaries/mfe-copper-1-space128	1024	512	128	200	1	129	128	128	1
fuse-boundaries/mfe-copper-1-space129	1024	512	129	200	1	129	129	129	1
fuse-boundaries/mfe-copper-1-space130	1024	512	130	200	1	129	130	130	0
fuse-boundaries/mfe-copper-1-space131	1024	512	131	200	1	129	131	131	0
fuse-boundaries/mfe-copper-5-space127	1024	512	127	200	5	129	128	127	11111
fuse-boundaries/mfe-copper-5-space128	1024	512	128	200	5	129	129	128	11111
fuse-boundaries/mfe-copper-5-space129	1024	512	129	200	5	129	130	129	00000
fuse-boundaries/mfe-copper-5-space130	1024	512	130	200	5	129	131	130	00000
fuse-boundaries/mfe-copper-5-space131	1024	512	131	200	5	129	132	131	00000
fuse-boundaries/mfe-copper-8-space127	1024	512	127	200	8	129	128	127	11111111
fuse-boundaries/mfe-copper-8-space128	1024	512	128	200	8	129	129	128	11111111
fuse-boundaries/mfe-copper-8-space129	1024	512	129	200	8	129	130	129	00000000
fuse-boundaries/mfe-copper-8-space130	1024	512	130	200	8	129	131	130	00000000
fuse-boundaries/mfe-copper-8-space131	1024	512	131	200	8	129	132	131	00000000
fuse-boundaries/mfsu-gold-1-space511	4096	2048	511	400	1	513	511	511	1
fuse-boundaries/mfsu-gold-1-space512	4096	2048	512	400	1	513	512	512	1
fuse-boundaries/mfsu-gold-1-space513	4096	2048	513	400	1	513	513	513	1
fuse-boundaries/mfsu-gold-1-space514	4096	2048	514	400	1	513	514	514	0
fuse-boundaries/mfsu-gold-1-space515	4096	2048	515	400	1	513	515	515	0
fuse-boundaries/mfsu-gold-3-space511	4096	2048	511	400	3	513	512	511	111
fuse-boundaries/mfsu-gold-3-space512	4096	2048	512	400	3	513	513	512	111
fuse-boundaries/mfsu-gold-3-space513	4096	2048	513	400	3	513	514	513	000
fuse-boundaries/mfsu-gold-3-space514	4096	2048	514	400	3	513	515	514	000
fuse-boundaries/mfsu-gold-3-space515	4096	2048	515	400	3	513	516	515	000
fuse-boundaries/mfsu-gold-8-space511	4096	2048	511	400	8	513	514	511	00000000
fuse-boundaries/mfsu-gold-8-space512	4096	2048	512	400	8	513	515	512	00000000
fuse-boundaries/mfsu-gold-8-space513	4096	2048	513	400	8	513	516	513	00000000
fuse-boundaries/mfsu-gold-8-space514	4096	2048	514	400	8	513	517	514	00000000
fuse-boundaries/mfsu-gold-8-space515	4096	2048	515	400	8	513	518	515	00000000
