case	reserve	packet	room	conductors	model_loss_milli	model_wire_safe	model_receiver_safe	observed_debit	observed_credit	observed_receiver_survived	observed_wire_survival
effects-01/cesu-copper0-batbox-room0	128	128	0	0	200	129	32	0	0	1	-
effects-01/cesu-copper0-batbox-room1	128	128	1	0	200	129	32	1	1	1	-
effects-01/cesu-copper0-batbox-room32	128	128	32	0	200	129	32	32	32	1	-
effects-01/cesu-copper0-batbox-room33	128	128	33	0	200	129	32	33	?	0	-
effects-01/cesu-copper0-batbox-room34	128	128	34	0	200	129	32	34	?	0	-
effects-01/cesu-copper0-batbox-room127	128	128	127	0	200	129	32	127	?	0	-
effects-01/cesu-copper0-batbox-room128	128	128	128	0	200	129	32	128	?	0	-
effects-01/cesu-copper1-batbox-room0	128	128	0	1	200	129	32	0	0	1	1
effects-01/cesu-copper1-batbox-room1	128	128	1	1	200	129	32	1	1	1	1
effects-01/cesu-copper1-batbox-room32	128	128	32	1	200	129	32	32	32	1	1
effects-01/cesu-copper1-batbox-room33	128	128	33	1	200	129	32	33	?	0	0
effects-01/cesu-copper1-batbox-room34	128	128	34	1	200	129	32	34	?	0	0
effects-01/cesu-copper1-batbox-room127	128	128	127	1	200	129	32	127	?	0	0
effects-01/cesu-copper1-batbox-room128	128	128	128	1	200	129	32	128	?	0	0
effects-01/cesu-glass5-batbox-room0	128	128	0	5	25	2048	32	0	0	1	1,1,1,1,1
effects-01/cesu-glass5-batbox-room1	128	128	1	5	25	2048	32	1	1	1	1,1,1,1,1
effects-01/cesu-glass5-batbox-room32	128	128	32	5	25	2048	32	32	32	1	1,1,1,1,1
effects-01/cesu-glass5-batbox-room33	128	128	33	5	25	2048	32	33	?	0	1,1,1,1,0
effects-01/cesu-glass5-batbox-room34	128	128	34	5	25	2048	32	34	?	0	1,1,1,1,0
effects-01/cesu-glass5-batbox-room127	128	128	127	5	25	2048	32	127	?	0	1,1,1,1,0
effects-01/cesu-glass5-batbox-room128	128	128	128	5	25	2048	32	128	?	0	1,1,1,1,0
effects-01/mfe-copper1-cesu-room0	512	512	0	1	200	129	128	0	0	1	1
effects-01/mfe-copper1-cesu-room1	512	512	1	1	200	129	128	1	1	1	1
effects-01/mfe-copper1-cesu-room128	512	512	128	1	200	129	128	128	128	1	1
effects-01/mfe-copper1-cesu-room129	512	512	129	1	200	129	128	129	?	0	0
effects-01/mfe-copper1-cesu-room130	512	512	130	1	200	129	128	130	130	1	0
effects-01/mfe-copper1-cesu-room511	512	512	511	1	200	129	128	511	511	1	0
effects-01/mfe-copper1-cesu-room512	512	512	512	1	200	129	128	512	512	1	0
effects-01/mfe-gold1-cesu-room0	512	512	0	1	400	513	128	0	0	1	1
effects-01/mfe-gold1-cesu-room1	512	512	1	1	400	513	128	1	1	1	1
effects-01/mfe-gold1-cesu-room128	512	512	128	1	400	513	128	128	128	1	1
effects-01/mfe-gold1-cesu-room129	512	512	129	1	400	513	128	129	?	0	0
effects-01/mfe-gold1-cesu-room130	512	512	130	1	400	513	128	130	?	0	0
effects-01/mfe-gold1-cesu-room511	512	512	511	1	400	513	128	511	?	0	0
effects-01/mfe-gold1-cesu-room512	512	512	512	1	400	513	128	512	?	0	0
effects-01/mfe-glass5-cesu-room0	512	512	0	5	25	2048	128	0	0	1	1,1,1,1,1
effects-01/mfe-glass5-cesu-room1	512	512	1	5	25	2048	128	1	1	1	1,1,1,1,1
effects-01/mfe-glass5-cesu-room128	512	512	128	5	25	2048	128	128	128	1	1,1,1,1,1
effects-01/mfe-glass5-cesu-room129	512	512	129	5	25	2048	128	129	?	0	1,1,1,1,0
effects-01/mfe-glass5-cesu-room130	512	512	130	5	25	2048	128	130	?	0	1,1,1,1,0
effects-01/mfe-glass5-cesu-room511	512	512	511	5	25	2048	128	511	?	0	1,1,1,1,0
effects-01/mfe-glass5-cesu-room512	512	512	512	5	25	2048	128	512	?	0	1,1,1,1,0
effects-01/cesu-tin1-batbox-room32	128	128	32	1	200	33	32	32	32	1	1
effects-01/cesu-tin1-batbox-room33	128	128	33	1	200	33	32	33	?	0	0
effects-01/cesu-tin1-batbox-room34	128	128	34	1	200	33	32	34	34	1	0
effects-01/cesu-tin1-batbox-room127	128	128	127	1	200	33	32	127	127	1	0
effects-01/cesu-tin5-batbox-room32	128	128	32	5	200	33	32	33	?	0	1,1,1,1,0
effects-01/cesu-tin5-batbox-room33	128	128	33	5	200	33	32	34	33	1	0,0,0,0,0
effects-01/cesu-tin5-batbox-room34	128	128	34	5	200	33	32	35	34	1	0,0,0,0,0
effects-01/cesu-tin5-batbox-room127	128	128	127	5	200	33	32	128	127	1	0,0,0,0,0
effects-01/mfe-copper5-batbox-room0	512	512	0	5	200	129	32	0	0	1	1,1,1,1,1
effects-01/mfe-copper5-batbox-room1	512	512	1	5	200	129	32	2	1	1	1,1,1,1,1
effects-01/mfe-copper5-batbox-room32	512	512	32	5	200	129	32	33	32	1	1,1,1,1,1
effects-01/mfe-copper5-batbox-room33	512	512	33	5	200	129	32	34	?	0	1,1,1,1,0
effects-01/mfe-copper5-batbox-room34	512	512	34	5	200	129	32	35	?	0	1,1,1,1,0
effects-01/mfe-copper5-batbox-room128	512	512	128	5	200	129	32	129	?	0	1,1,1,1,0
effects-thresholds/cesu-tin4-batbox-room31-case0	128	128	31	4	200	33	32	31	31	1	1,1,1,1
effects-thresholds/cesu-tin4-batbox-room32-case1	128	128	32	4	200	33	32	32	32	1	1,1,1,1
effects-thresholds/cesu-tin4-batbox-room33-case2	128	128	33	4	200	33	32	33	?	0	1,1,1,0
effects-thresholds/cesu-tin5-batbox-room31-case3	128	128	31	5	200	33	32	32	31	1	1,1,1,1,1
effects-thresholds/cesu-tin5-batbox-room32-case4	128	128	32	5	200	33	32	33	?	0	1,1,1,1,0
effects-thresholds/cesu-tin5-batbox-room33-case5	128	128	33	5	200	33	32	34	33	1	0,0,0,0,0
effects-thresholds/cesu-tin6-batbox-room31-case6	128	128	31	6	200	33	32	32	31	1	1,1,1,1,1,1
effects-thresholds/cesu-tin6-batbox-room32-case7	128	128	32	6	200	33	32	33	?	0	1,1,1,1,1,0
effects-thresholds/cesu-tin6-batbox-room33-case8	128	128	33	6	200	33	32	34	33	1	0,0,0,0,0,0
effects-thresholds/cesu-tin10-batbox-room31-case9	128	128	31	10	200	33	32	33	?	0	1,1,1,1,1,1,1,1,1,0
effects-thresholds/cesu-tin10-batbox-room32-case10	128	128	32	10	200	33	32	34	32	1	0,0,0,0,0,0,0,0,0,0
effects-thresholds/cesu-tin10-batbox-room33-case11	128	128	33	10	200	33	32	35	33	1	0,0,0,0,0,0,0,0,0,0
effects-thresholds/cesu-copper4-batbox-room31-case12	128	128	31	4	200	129	32	31	31	1	1,1,1,1
effects-thresholds/cesu-copper4-batbox-room32-case13	128	128	32	4	200	129	32	32	32	1	1,1,1,1
effects-thresholds/cesu-copper4-batbox-room33-case14	128	128	33	4	200	129	32	33	?	0	1,1,1,0
effects-thresholds/cesu-copper5-batbox-room31-case15	128	128	31	5	200	129	32	32	31	1	1,1,1,1,1
effects-thresholds/cesu-copper5-batbox-room32-case16	128	128	32	5	200	129	32	33	32	1	1,1,1,1,1
effects-thresholds/cesu-copper5-batbox-room33-case17	128	128	33	5	200	129	32	34	?	0	1,1,1,1,0
effects-thresholds/cesu-copper6-batbox-room31-case18	128	128	31	6	200	129	32	32	31	1	1,1,1,1,1,1
effects-thresholds/cesu-copper6-batbox-room32-case19	128	128	32	6	200	129	32	33	32	1	1,1,1,1,1,1
effects-thresholds/cesu-copper6-batbox-room33-case20	128	128	33	6	200	129	32	34	?	0	1,1,1,1,1,0
effects-thresholds/cesu-copper10-batbox-room31-case21	128	128	31	10	200	129	32	33	31	1	1,1,1,1,1,1,1,1,1,1
effects-thresholds/cesu-copper10-batbox-room32-case22	128	128	32	10	200	129	32	34	32	1	1,1,1,1,1,1,1,1,1,1
effects-thresholds/cesu-copper10-batbox-room33-case23	128	128	33	10	200	129	32	35	?	0	1,1,1,1,1,1,1,1,1,0
effects-thresholds/mfe-tin4-batbox-room31-case24	512	512	31	4	200	33	32	31	31	1	1,1,1,1
effects-thresholds/mfe-tin4-batbox-room32-case25	512	512	32	4	200	33	32	32	32	1	1,1,1,1
effects-thresholds/mfe-tin4-batbox-room33-case26	512	512	33	4	200	33	32	33	?	0	1,1,1,0
effects-thresholds/mfe-tin5-batbox-room31-case27	512	512	31	5	200	33	32	32	31	1	1,1,1,1,1
effects-thresholds/mfe-tin5-batbox-room32-case28	512	512	32	5	200	33	32	33	?	0	1,1,1,1,0
effects-thresholds/mfe-tin5-batbox-room33-case29	512	512	33	5	200	33	32	34	33	1	0,0,0,0,0
effects-thresholds/mfe-tin6-batbox-room31-case30	512	512	31	6	200	33	32	32	31	1	1,1,1,1,1,1
effects-thresholds/mfe-tin6-batbox-room32-case31	512	512	32	6	200	33	32	33	?	0	1,1,1,1,1,0
effects-thresholds/mfe-tin6-batbox-room33-case32	512	512	33	6	200	33	32	34	33	1	0,0,0,0,0,0
effects-thresholds/mfe-tin10-batbox-room31-case33	512	512	31	10	200	33	32	33	?	0	1,1,1,1,1,1,1,1,1,0
effects-thresholds/mfe-tin10-batbox-room32-case34	512	512	32	10	200	33	32	34	32	1	0,0,0,0,0,0,0,0,0,0
effects-thresholds/mfe-tin10-batbox-room33-case35	512	512	33	10	200	33	32	35	33	1	0,0,0,0,0,0,0,0,0,0
effects-thresholds/mfe-copper4-batbox-room31-case36	512	512	31	4	200	129	32	31	31	1	1,1,1,1
effects-thresholds/mfe-copper4-batbox-room32-case37	512	512	32	4	200	129	32	32	32	1	1,1,1,1
effects-thresholds/mfe-copper4-batbox-room33-case38	512	512	33	4	200	129	32	33	?	0	1,1,1,0
effects-thresholds/mfe-copper5-batbox-room31-case39	512	512	31	5	200	129	32	32	31	1	1,1,1,1,1
effects-thresholds/mfe-copper5-batbox-room32-case40	512	512	32	5	200	129	32	33	32	1	1,1,1,1,1
effects-thresholds/mfe-copper5-batbox-room33-case41	512	512	33	5	200	129	32	34	?	0	1,1,1,1,0
effects-thresholds/mfe-copper6-batbox-room31-case42	512	512	31	6	200	129	32	32	31	1	1,1,1,1,1,1
effects-thresholds/mfe-copper6-batbox-room32-case43	512	512	32	6	200	129	32	33	32	1	1,1,1,1,1,1
effects-thresholds/mfe-copper6-batbox-room33-case44	512	512	33	6	200	129	32	34	?	0	1,1,1,1,1,0
effects-thresholds/mfe-copper10-batbox-room31-case45	512	512	31	10	200	129	32	33	31	1	1,1,1,1,1,1,1,1,1,1
effects-thresholds/mfe-copper10-batbox-room32-case46	512	512	32	10	200	129	32	34	32	1	1,1,1,1,1,1,1,1,1,1
effects-thresholds/mfe-copper10-batbox-room33-case47	512	512	33	10	200	129	32	35	?	0	1,1,1,1,1,1,1,1,1,0
effects-thresholds/cesu-tin5-batbox-room32-case48	128	128	32	5	200	33	32	33	?	0	1,1,1,1,0
effects-thresholds/mfe-tin5-batbox-room32-case49	512	512	32	5	200	33	32	33	?	0	1,1,1,1,0
effects-thresholds/cesu-tin5-batbox-room32-case50	128	128	32	5	200	33	32	33	?	0	1,1,1,1,0
effects-thresholds/mfe-tin5-batbox-room32-case51	512	512	32	5	200	33	32	33	?	0	1,1,1,1,0
effects-thresholds/cesu-tin5-batbox-room32-case52	128	128	32	5	200	33	32	33	?	0	1,1,1,1,0
effects-thresholds/mfe-tin5-batbox-room32-case53	512	512	32	5	200	33	32	33	?	0	1,1,1,1,0
effects-thresholds/cesu-tin5-batbox-room32-case54	128	128	32	5	200	33	32	33	?	0	1,1,1,1,0
effects-thresholds/mfe-tin5-batbox-room32-case55	512	512	32	5	200	33	32	33	?	0	1,1,1,1,0
effects-controls/mfe-copper0-cesu-room126-case0	512	512	126	0	200	129	128	126	126	1	-
effects-controls/mfe-copper0-cesu-room127-case1	512	512	127	0	200	129	128	127	127	1	-
effects-controls/mfe-copper0-cesu-room128-case2	512	512	128	0	200	129	128	128	128	1	-
effects-controls/mfe-copper0-cesu-room129-case3	512	512	129	0	200	129	128	129	?	0	-
effects-controls/mfe-copper0-cesu-room130-case4	512	512	130	0	200	129	128	130	?	0	-
effects-controls/mfe-copper1-cesu-room126-case5	512	512	126	1	200	129	128	126	126	1	1
effects-controls/mfe-copper1-cesu-room127-case6	512	512	127	1	200	129	128	127	127	1	1
effects-controls/mfe-copper1-cesu-room128-case7	512	512	128	1	200	129	128	128	128	1	1
effects-controls/mfe-copper1-cesu-room129-case8	512	512	129	1	200	129	128	129	?	0	0
effects-controls/mfe-copper1-cesu-room130-case9	512	512	130	1	200	129	128	130	130	1	0
effects-controls/mfe-copper5-cesu-room126-case10	512	512	126	5	200	129	128	127	126	1	1,1,1,1,1
effects-controls/mfe-copper5-cesu-room127-case11	512	512	127	5	200	129	128	128	127	1	1,1,1,1,1
effects-controls/mfe-copper5-cesu-room128-case12	512	512	128	5	200	129	128	129	?	0	1,1,1,1,0
effects-controls/mfe-copper5-cesu-room129-case13	512	512	129	5	200	129	128	130	129	1	0,0,0,0,0
effects-controls/mfe-copper5-cesu-room130-case14	512	512	130	5	200	129	128	131	130	1	0,0,0,0,0
effects-controls/mfe-copper6-cesu-room126-case15	512	512	126	6	200	129	128	127	126	1	1,1,1,1,1,1
effects-controls/mfe-copper6-cesu-room127-case16	512	512	127	6	200	129	128	128	127	1	1,1,1,1,1,1
effects-controls/mfe-copper6-cesu-room128-case17	512	512	128	6	200	129	128	129	?	0	1,1,1,1,1,0
effects-controls/mfe-copper6-cesu-room129-case18	512	512	129	6	200	129	128	130	129	1	0,0,0,0,0,0
effects-controls/mfe-copper6-cesu-room130-case19	512	512	130	6	200	129	128	131	130	1	0,0,0,0,0,0
effects-controls/mfe-copper10-cesu-room126-case20	512	512	126	10	200	129	128	128	126	1	1,1,1,1,1,1,1,1,1,1
effects-controls/mfe-copper10-cesu-room127-case21	512	512	127	10	200	129	128	129	?	0	1,1,1,1,1,1,1,1,1,0
effects-controls/mfe-copper10-cesu-room128-case22	512	512	128	10	200	129	128	130	128	1	0,0,0,0,0,0,0,0,0,0
effects-controls/mfe-copper10-cesu-room129-case23	512	512	129	10	200	129	128	131	129	1	0,0,0,0,0,0,0,0,0,0
effects-controls/mfe-copper10-cesu-room130-case24	512	512	130	10	200	129	128	132	130	1	0,0,0,0,0,0,0,0,0,0
effects-controls/cesu-tin5-mfsu-room31-case25	128	128	31	5	200	33	2048	32	31	1	1,1,1,1,1
effects-controls/cesu-tin5-mfsu-room32-case26	128	128	32	5	200	33	2048	33	32	1	1,1,1,1,1
effects-controls/cesu-tin5-mfsu-room33-case27	128	128	33	5	200	33	2048	34	33	1	0,0,0,0,0
effects-controls/cesu-tin10-mfsu-room31-case28	128	128	31	10	200	33	2048	33	31	1	1,1,1,1,1,1,1,1,1,1
effects-controls/cesu-tin10-mfsu-room32-case29	128	128	32	10	200	33	2048	34	32	1	0,0,0,0,0,0,0,0,0,0
effects-controls/cesu-tin10-mfsu-room33-case30	128	128	33	10	200	33	2048	35	33	1	0,0,0,0,0,0,0,0,0,0
effects-controls/cesu-tin5-cesu-room31-case31	128	128	31	5	200	33	128	32	31	1	1,1,1,1,1
effects-controls/cesu-tin5-cesu-room32-case32	128	128	32	5	200	33	128	33	32	1	1,1,1,1,1
effects-controls/cesu-tin5-cesu-room33-case33	128	128	33	5	200	33	128	34	33	1	0,0,0,0,0
effects-controls/cesu-tin10-cesu-room31-case34	128	128	31	10	200	33	128	33	31	1	1,1,1,1,1,1,1,1,1,1
effects-controls/cesu-tin10-cesu-room32-case35	128	128	32	10	200	33	128	34	32	1	0,0,0,0,0,0,0,0,0,0
effects-controls/cesu-tin10-cesu-room33-case36	128	128	33	10	200	33	128	35	33	1	0,0,0,0,0,0,0,0,0,0
effects-controls/mfe-gold5-batbox-room31-case37	512	512	31	5	400	513	32	33	31	1	1,1,1,1,1
effects-controls/mfe-gold5-batbox-room32-case38	512	512	32	5	400	513	32	34	32	1	1,1,1,1,1
effects-controls/mfe-gold5-batbox-room33-case39	512	512	33	5	400	513	32	35	?	0	1,1,1,1,0
effects-controls/mfe-copper5-batbox-room127-case40	512	512	127	5	200	129	32	128	?	0	1,1,1,1,0
effects-controls/mfe-copper5-batbox-room128-case41	512	512	128	5	200	129	32	129	?	0	1,1,1,1,0
effects-controls/mfe-copper5-batbox-room129-case42	512	512	129	5	200	129	32	130	129	1	0,0,0,0,0
effects-controls/mfe-copper5-batbox-room130-case43	512	512	130	5	200	129	32	131	130	1	0,0,0,0,0
