case	low	source_packet	path_loss	before_buffer	before_receiver	after_buffer	after_receiver
LV-glass1-room1/21	32	128	0	256	39999999	255	40000000
LV-glass1-room1/22	32	128	0	255	40000000	255	40000000
LV-glass1-room1/23	32	128	0	255	40000000	255	40000000
LV-glass1-room1/24	32	128	0	255	40000000	255	40000000
LV-glass1-room1/25	32	128	0	255	40000000	255	40000000
LV-glass1-room1/26	32	128	0	255	40000000	255	40000000
LV-glass1-room1/27	32	128	0	255	40000000	255	40000000
LV-glass1-room1/28	32	128	0	255	40000000	255	40000000
LV-glass1-room1/29	32	128	0	255	40000000	255	40000000
LV-glass1-room1/30	32	128	0	255	40000000	255	40000000
LV-glass1-room1/31	32	128	0	255	40000000	255	40000000
LV-glass1-room1/32	32	128	0	255	40000000	255	40000000
LV-glass1-room1/33	32	128	0	255	40000000	255	40000000
LV-glass1-room1/34	32	128	0	255	40000000	255	40000000
LV-glass1-room1/35	32	128	0	255	40000000	255	40000000
LV-glass1-room1/36	32	128	0	255	40000000	255	40000000
LV-glass1-room1/37	32	128	0	255	40000000	255	40000000
LV-glass1-room1/38	32	128	0	255	40000000	255	40000000
LV-glass1-room1/39	32	128	0	255	40000000	255	40000000
LV-glass1-room1/40	32	128	0	255	40000000	255	40000000
LV-glass1-room1/41	32	128	0	255	40000000	255	40000000
LV-glass1-room1/42	32	128	0	255	40000000	255	40000000
LV-glass1-room1/43	32	128	0	255	40000000	255	40000000
LV-glass1-room1/44	32	128	0	255	40000000	255	40000000
LV-glass1-room1/45	32	128	0	255	40000000	255	40000000
LV-glass1-room1/46	32	128	0	255	40000000	255	40000000
LV-glass1-room1/47	32	128	0	255	40000000	255	40000000
LV-glass1-room1/48	32	128	0	255	40000000	255	40000000
LV-glass1-room1/49	32	128	0	255	40000000	255	40000000
LV-glass1-room1/50	32	128	0	255	40000000	255	40000000
LV-glass1-room1/51	32	128	0	255	40000000	255	40000000
LV-glass1-room1/52	32	128	0	255	40000000	255	40000000
LV-glass1-room1/53	32	128	0	255	40000000	255	40000000
LV-glass1-room1/54	32	128	0	255	40000000	255	40000000
LV-glass1-room1/55	32	128	0	255	40000000	255	40000000
LV-glass1-room1/56	32	128	0	255	40000000	255	40000000
LV-glass1-room1/57	32	128	0	255	40000000	255	40000000
LV-glass1-room1/58	32	128	0	255	40000000	255	40000000
LV-glass1-room1/59	32	128	0	255	40000000	255	40000000
LV-glass1-room1/60	32	128	0	255	40000000	255	40000000
LV-glass40-room33/21	32	128	1	256	39999967	128	40000091
LV-glass40-room33/22	32	128	1	128	40000091	128	40000091
LV-glass40-room33/23	32	128	1	128	40000091	128	40000091
LV-glass40-room33/24	32	128	1	128	40000091	128	40000091
LV-glass40-room33/25	32	128	1	128	40000091	128	40000091
LV-glass40-room33/26	32	128	1	128	40000091	128	40000091
LV-glass40-room33/27	32	128	1	128	40000091	128	40000091
LV-glass40-room33/28	32	128	1	128	40000091	128	40000091
LV-glass40-room33/29	32	128	1	128	40000091	128	40000091
LV-glass40-room33/30	32	128	1	128	40000091	128	40000091
LV-glass40-room33/31	32	128	1	128	40000091	128	40000091
LV-glass40-room33/32	32	128	1	128	40000091	128	40000091
LV-glass40-room33/33	32	128	1	128	40000091	128	40000091
LV-glass40-room33/34	32	128	1	128	40000091	128	40000091
LV-glass40-room33/35	32	128	1	128	40000091	128	40000091
LV-glass40-room33/36	32	128	1	128	40000091	128	40000091
LV-glass40-room33/37	32	128	1	128	40000091	128	40000091
LV-glass40-room33/38	32	128	1	128	40000091	128	40000091
LV-glass40-room33/39	32	128	1	128	40000091	128	40000091
LV-glass40-room33/40	32	128	1	128	40000091	128	40000091
LV-glass40-room33/41	32	128	1	128	40000091	128	40000091
LV-glass40-room33/42	32	128	1	128	40000091	128	40000091
LV-glass40-room33/43	32	128	1	128	40000091	128	40000091
LV-glass40-room33/44	32	128	1	128	40000091	128	40000091
LV-glass40-room33/45	32	128	1	128	40000091	128	40000091
LV-glass40-room33/46	32	128	1	128	40000091	128	40000091
LV-glass40-room33/47	32	128	1	128	40000091	128	40000091
LV-glass40-room33/48	32	128	1	128	40000091	128	40000091
LV-glass40-room33/49	32	128	1	128	40000091	128	40000091
LV-glass40-room33/50	32	128	1	128	40000091	128	40000091
LV-glass40-room33/51	32	128	1	128	40000091	128	40000091
LV-glass40-room33/52	32	128	1	128	40000091	128	40000091
LV-glass40-room33/53	32	128	1	128	40000091	128	40000091
LV-glass40-room33/54	32	128	1	128	40000091	128	40000091
LV-glass40-room33/55	32	128	1	128	40000091	128	40000091
LV-glass40-room33/56	32	128	1	128	40000091	128	40000091
LV-glass40-room33/57	32	128	1	128	40000091	128	40000091
LV-glass40-room33/58	32	128	1	128	40000091	128	40000091
LV-glass40-room33/59	32	128	1	128	40000091	128	40000091
LV-glass40-room33/60	32	128	1	128	40000091	128	40000091
LV-glass80-room40000000/21	32	128	2	256	0	128	120
LV-glass80-room40000000/22	32	128	2	128	120	0	240
LV-glass80-room40000000/23	32	128	2	0	240	0	240
LV-glass80-room40000000/24	32	128	2	0	240	0	240
LV-glass80-room40000000/25	32	128	2	0	240	0	240
LV-glass80-room40000000/26	32	128	2	0	240	0	240
LV-glass80-room40000000/27	32	128	2	0	240	0	240
LV-glass80-room40000000/28	32	128	2	0	240	0	240
LV-glass80-room40000000/29	32	128	2	0	240	0	240
LV-glass80-room40000000/30	32	128	2	0	240	0	240
LV-glass80-room40000000/31	32	128	2	0	240	0	240
LV-glass80-room40000000/32	32	128	2	0	240	0	240
LV-glass80-room40000000/33	32	128	2	0	240	0	240
LV-glass80-room40000000/34	32	128	2	0	240	0	240
LV-glass80-room40000000/35	32	128	2	0	240	0	240
LV-glass80-room40000000/36	32	128	2	0	240	0	240
LV-glass80-room40000000/37	32	128	2	0	240	0	240
LV-glass80-room40000000/38	32	128	2	0	240	0	240
LV-glass80-room40000000/39	32	128	2	0	240	0	240
LV-glass80-room40000000/40	32	128	2	0	240	0	240
LV-glass80-room40000000/41	32	128	2	0	240	0	240
LV-glass80-room40000000/42	32	128	2	0	240	0	240
LV-glass80-room40000000/43	32	128	2	0	240	0	240
LV-glass80-room40000000/44	32	128	2	0	240	0	240
LV-glass80-room40000000/45	32	128	2	0	240	0	240
LV-glass80-room40000000/46	32	128	2	0	240	0	240
LV-glass80-room40000000/47	32	128	2	0	240	0	240
LV-glass80-room40000000/48	32	128	2	0	240	0	240
LV-glass80-room40000000/49	32	128	2	0	240	0	240
LV-glass80-room40000000/50	32	128	2	0	240	0	240
LV-glass80-room40000000/51	32	128	2	0	240	0	240
LV-glass80-room40000000/52	32	128	2	0	240	0	240
LV-glass80-room40000000/53	32	128	2	0	240	0	240
LV-glass80-room40000000/54	32	128	2	0	240	0	240
LV-glass80-room40000000/55	32	128	2	0	240	0	240
LV-glass80-room40000000/56	32	128	2	0	240	0	240
LV-glass80-room40000000/57	32	128	2	0	240	0	240
LV-glass80-room40000000/58	32	128	2	0	240	0	240
LV-glass80-room40000000/59	32	128	2	0	240	0	240
LV-glass80-room40000000/60	32	128	2	0	240	0	240
MV-glass40-room1/21	128	512	1	1024	39999999	1022	40000000
MV-glass40-room1/22	128	512	1	1022	40000000	1022	40000000
MV-glass40-room1/23	128	512	1	1022	40000000	1022	40000000
MV-glass40-room1/24	128	512	1	1022	40000000	1022	40000000
MV-glass40-room1/25	128	512	1	1022	40000000	1022	40000000
MV-glass40-room1/26	128	512	1	1022	40000000	1022	40000000
MV-glass40-room1/27	128	512	1	1022	40000000	1022	40000000
MV-glass40-room1/28	128	512	1	1022	40000000	1022	40000000
MV-glass40-room1/29	128	512	1	1022	40000000	1022	40000000
MV-glass40-room1/30	128	512	1	1022	40000000	1022	40000000
MV-glass40-room1/31	128	512	1	1022	40000000	1022	40000000
MV-glass40-room1/32	128	512	1	1022	40000000	1022	40000000
MV-glass40-room1/33	128	512	1	1022	40000000	1022	40000000
MV-glass40-room1/34	128	512	1	1022	40000000	1022	40000000
MV-glass40-room1/35	128	512	1	1022	40000000	1022	40000000
MV-glass40-room1/36	128	512	1	1022	40000000	1022	40000000
MV-glass40-room1/37	128	512	1	1022	40000000	1022	40000000
MV-glass40-room1/38	128	512	1	1022	40000000	1022	40000000
MV-glass40-room1/39	128	512	1	1022	40000000	1022	40000000
MV-glass40-room1/40	128	512	1	1022	40000000	1022	40000000
MV-glass40-room1/41	128	512	1	1022	40000000	1022	40000000
MV-glass40-room1/42	128	512	1	1022	40000000	1022	40000000
MV-glass40-room1/43	128	512	1	1022	40000000	1022	40000000
MV-glass40-room1/44	128	512	1	1022	40000000	1022	40000000
MV-glass40-room1/45	128	512	1	1022	40000000	1022	40000000
MV-glass40-room1/46	128	512	1	1022	40000000	1022	40000000
MV-glass40-room1/47	128	512	1	1022	40000000	1022	40000000
MV-glass40-room1/48	128	512	1	1022	40000000	1022	40000000
MV-glass40-room1/49	128	512	1	1022	40000000	1022	40000000
MV-glass40-room1/50	128	512	1	1022	40000000	1022	40000000
MV-glass40-room1/51	128	512	1	1022	40000000	1022	40000000
MV-glass40-room1/52	128	512	1	1022	40000000	1022	40000000
MV-glass40-room1/53	128	512	1	1022	40000000	1022	40000000
MV-glass40-room1/54	128	512	1	1022	40000000	1022	40000000
MV-glass40-room1/55	128	512	1	1022	40000000	1022	40000000
MV-glass40-room1/56	128	512	1	1022	40000000	1022	40000000
MV-glass40-room1/57	128	512	1	1022	40000000	1022	40000000
MV-glass40-room1/58	128	512	1	1022	40000000	1022	40000000
MV-glass40-room1/59	128	512	1	1022	40000000	1022	40000000
MV-glass40-room1/60	128	512	1	1022	40000000	1022	40000000
MV-glass80-room129/21	128	512	2	1024	39999871	512	40000375
MV-glass80-room129/22	128	512	2	512	40000375	512	40000375
MV-glass80-room129/23	128	512	2	512	40000375	512	40000375
MV-glass80-room129/24	128	512	2	512	40000375	512	40000375
MV-glass80-room129/25	128	512	2	512	40000375	512	40000375
MV-glass80-room129/26	128	512	2	512	40000375	512	40000375
MV-glass80-room129/27	128	512	2	512	40000375	512	40000375
MV-glass80-room129/28	128	512	2	512	40000375	512	40000375
MV-glass80-room129/29	128	512	2	512	40000375	512	40000375
MV-glass80-room129/30	128	512	2	512	40000375	512	40000375
MV-glass80-room129/31	128	512	2	512	40000375	512	40000375
MV-glass80-room129/32	128	512	2	512	40000375	512	40000375
MV-glass80-room129/33	128	512	2	512	40000375	512	40000375
MV-glass80-room129/34	128	512	2	512	40000375	512	40000375
MV-glass80-room129/35	128	512	2	512	40000375	512	40000375
MV-glass80-room129/36	128	512	2	512	40000375	512	40000375
MV-glass80-room129/37	128	512	2	512	40000375	512	40000375
MV-glass80-room129/38	128	512	2	512	40000375	512	40000375
MV-glass80-room129/39	128	512	2	512	40000375	512	40000375
MV-glass80-room129/40	128	512	2	512	40000375	512	40000375
MV-glass80-room129/41	128	512	2	512	40000375	512	40000375
MV-glass80-room129/42	128	512	2	512	40000375	512	40000375
MV-glass80-room129/43	128	512	2	512	40000375	512	40000375
MV-glass80-room129/44	128	512	2	512	40000375	512	40000375
MV-glass80-room129/45	128	512	2	512	40000375	512	40000375
MV-glass80-room129/46	128	512	2	512	40000375	512	40000375
MV-glass80-room129/47	128	512	2	512	40000375	512	40000375
MV-glass80-room129/48	128	512	2	512	40000375	512	40000375
MV-glass80-room129/49	128	512	2	512	40000375	512	40000375
MV-glass80-room129/50	128	512	2	512	40000375	512	40000375
MV-glass80-room129/51	128	512	2	512	40000375	512	40000375
MV-glass80-room129/52	128	512	2	512	40000375	512	40000375
MV-glass80-room129/53	128	512	2	512	40000375	512	40000375
MV-glass80-room129/54	128	512	2	512	40000375	512	40000375
MV-glass80-room129/55	128	512	2	512	40000375	512	40000375
MV-glass80-room129/56	128	512	2	512	40000375	512	40000375
MV-glass80-room129/57	128	512	2	512	40000375	512	40000375
MV-glass80-room129/58	128	512	2	512	40000375	512	40000375
MV-glass80-room129/59	128	512	2	512	40000375	512	40000375
MV-glass80-room129/60	128	512	2	512	40000375	512	40000375
HV-glass1-room40000000/21	512	2048	0	4096	0	2048	2048
HV-glass1-room40000000/22	512	2048	0	2048	2048	0	4096
HV-glass1-room40000000/23	512	2048	0	0	4096	0	4096
HV-glass1-room40000000/24	512	2048	0	0	4096	0	4096
HV-glass1-room40000000/25	512	2048	0	0	4096	0	4096
HV-glass1-room40000000/26	512	2048	0	0	4096	0	4096
HV-glass1-room40000000/27	512	2048	0	0	4096	0	4096
HV-glass1-room40000000/28	512	2048	0	0	4096	0	4096
HV-glass1-room40000000/29	512	2048	0	0	4096	0	4096
HV-glass1-room40000000/30	512	2048	0	0	4096	0	4096
HV-glass1-room40000000/31	512	2048	0	0	4096	0	4096
HV-glass1-room40000000/32	512	2048	0	0	4096	0	4096
HV-glass1-room40000000/33	512	2048	0	0	4096	0	4096
HV-glass1-room40000000/34	512	2048	0	0	4096	0	4096
HV-glass1-room40000000/35	512	2048	0	0	4096	0	4096
HV-glass1-room40000000/36	512	2048	0	0	4096	0	4096
HV-glass1-room40000000/37	512	2048	0	0	4096	0	4096
HV-glass1-room40000000/38	512	2048	0	0	4096	0	4096
HV-glass1-room40000000/39	512	2048	0	0	4096	0	4096
HV-glass1-room40000000/40	512	2048	0	0	4096	0	4096
HV-glass1-room40000000/41	512	2048	0	0	4096	0	4096
HV-glass1-room40000000/42	512	2048	0	0	4096	0	4096
HV-glass1-room40000000/43	512	2048	0	0	4096	0	4096
HV-glass1-room40000000/44	512	2048	0	0	4096	0	4096
HV-glass1-room40000000/45	512	2048	0	0	4096	0	4096
HV-glass1-room40000000/46	512	2048	0	0	4096	0	4096
HV-glass1-room40000000/47	512	2048	0	0	4096	0	4096
HV-glass1-room40000000/48	512	2048	0	0	4096	0	4096
HV-glass1-room40000000/49	512	2048	0	0	4096	0	4096
HV-glass1-room40000000/50	512	2048	0	0	4096	0	4096
HV-glass1-room40000000/51	512	2048	0	0	4096	0	4096
HV-glass1-room40000000/52	512	2048	0	0	4096	0	4096
HV-glass1-room40000000/53	512	2048	0	0	4096	0	4096
HV-glass1-room40000000/54	512	2048	0	0	4096	0	4096
HV-glass1-room40000000/55	512	2048	0	0	4096	0	4096
HV-glass1-room40000000/56	512	2048	0	0	4096	0	4096
HV-glass1-room40000000/57	512	2048	0	0	4096	0	4096
HV-glass1-room40000000/58	512	2048	0	0	4096	0	4096
HV-glass1-room40000000/59	512	2048	0	0	4096	0	4096
HV-glass1-room40000000/60	512	2048	0	0	4096	0	4096
HV-glass80-room1/21	512	2048	2	4096	39999999	4093	40000000
HV-glass80-room1/22	512	2048	2	4093	40000000	4093	40000000
HV-glass80-room1/23	512	2048	2	4093	40000000	4093	40000000
HV-glass80-room1/24	512	2048	2	4093	40000000	4093	40000000
HV-glass80-room1/25	512	2048	2	4093	40000000	4093	40000000
HV-glass80-room1/26	512	2048	2	4093	40000000	4093	40000000
HV-glass80-room1/27	512	2048	2	4093	40000000	4093	40000000
HV-glass80-room1/28	512	2048	2	4093	40000000	4093	40000000
HV-glass80-room1/29	512	2048	2	4093	40000000	4093	40000000
HV-glass80-room1/30	512	2048	2	4093	40000000	4093	40000000
HV-glass80-room1/31	512	2048	2	4093	40000000	4093	40000000
HV-glass80-room1/32	512	2048	2	4093	40000000	4093	40000000
HV-glass80-room1/33	512	2048	2	4093	40000000	4093	40000000
HV-glass80-room1/34	512	2048	2	4093	40000000	4093	40000000
HV-glass80-room1/35	512	2048	2	4093	40000000	4093	40000000
HV-glass80-room1/36	512	2048	2	4093	40000000	4093	40000000
HV-glass80-room1/37	512	2048	2	4093	40000000	4093	40000000
HV-glass80-room1/38	512	2048	2	4093	40000000	4093	40000000
HV-glass80-room1/39	512	2048	2	4093	40000000	4093	40000000
HV-glass80-room1/40	512	2048	2	4093	40000000	4093	40000000
HV-glass80-room1/41	512	2048	2	4093	40000000	4093	40000000
HV-glass80-room1/42	512	2048	2	4093	40000000	4093	40000000
HV-glass80-room1/43	512	2048	2	4093	40000000	4093	40000000
HV-glass80-room1/44	512	2048	2	4093	40000000	4093	40000000
HV-glass80-room1/45	512	2048	2	4093	40000000	4093	40000000
HV-glass80-room1/46	512	2048	2	4093	40000000	4093	40000000
HV-glass80-room1/47	512	2048	2	4093	40000000	4093	40000000
HV-glass80-room1/48	512	2048	2	4093	40000000	4093	40000000
HV-glass80-room1/49	512	2048	2	4093	40000000	4093	40000000
HV-glass80-room1/50	512	2048	2	4093	40000000	4093	40000000
HV-glass80-room1/51	512	2048	2	4093	40000000	4093	40000000
HV-glass80-room1/52	512	2048	2	4093	40000000	4093	40000000
HV-glass80-room1/53	512	2048	2	4093	40000000	4093	40000000
HV-glass80-room1/54	512	2048	2	4093	40000000	4093	40000000
HV-glass80-room1/55	512	2048	2	4093	40000000	4093	40000000
HV-glass80-room1/56	512	2048	2	4093	40000000	4093	40000000
HV-glass80-room1/57	512	2048	2	4093	40000000	4093	40000000
HV-glass80-room1/58	512	2048	2	4093	40000000	4093	40000000
HV-glass80-room1/59	512	2048	2	4093	40000000	4093	40000000
HV-glass80-room1/60	512	2048	2	4093	40000000	4093	40000000
EV-glass1-room2049/21	2048	2048	0	16384	39997951	8192	40006143
EV-glass1-room2049/22	2048	2048	0	8192	40006143	8192	40006143
EV-glass1-room2049/23	2048	2048	0	8192	40006143	8192	40006143
EV-glass1-room2049/24	2048	2048	0	8192	40006143	8192	40006143
EV-glass1-room2049/25	2048	2048	0	8192	40006143	8192	40006143
EV-glass1-room2049/26	2048	2048	0	8192	40006143	8192	40006143
EV-glass1-room2049/27	2048	2048	0	8192	40006143	8192	40006143
EV-glass1-room2049/28	2048	2048	0	8192	40006143	8192	40006143
EV-glass1-room2049/29	2048	2048	0	8192	40006143	8192	40006143
EV-glass1-room2049/30	2048	2048	0	8192	40006143	8192	40006143
EV-glass1-room2049/31	2048	2048	0	8192	40006143	8192	40006143
EV-glass1-room2049/32	2048	2048	0	8192	40006143	8192	40006143
EV-glass1-room2049/33	2048	2048	0	8192	40006143	8192	40006143
EV-glass1-room2049/34	2048	2048	0	8192	40006143	8192	40006143
EV-glass1-room2049/35	2048	2048	0	8192	40006143	8192	40006143
EV-glass1-room2049/36	2048	2048	0	8192	40006143	8192	40006143
EV-glass1-room2049/37	2048	2048	0	8192	40006143	8192	40006143
EV-glass1-room2049/38	2048	2048	0	8192	40006143	8192	40006143
EV-glass1-room2049/39	2048	2048	0	8192	40006143	8192	40006143
EV-glass1-room2049/40	2048	2048	0	8192	40006143	8192	40006143
EV-glass1-room2049/41	2048	2048	0	8192	40006143	8192	40006143
EV-glass1-room2049/42	2048	2048	0	8192	40006143	8192	40006143
EV-glass1-room2049/43	2048	2048	0	8192	40006143	8192	40006143
EV-glass1-room2049/44	2048	2048	0	8192	40006143	8192	40006143
EV-glass1-room2049/45	2048	2048	0	8192	40006143	8192	40006143
EV-glass1-room2049/46	2048	2048	0	8192	40006143	8192	40006143
EV-glass1-room2049/47	2048	2048	0	8192	40006143	8192	40006143
EV-glass1-room2049/48	2048	2048	0	8192	40006143	8192	40006143
EV-glass1-room2049/49	2048	2048	0	8192	40006143	8192	40006143
EV-glass1-room2049/50	2048	2048	0	8192	40006143	8192	40006143
EV-glass1-room2049/51	2048	2048	0	8192	40006143	8192	40006143
EV-glass1-room2049/52	2048	2048	0	8192	40006143	8192	40006143
EV-glass1-room2049/53	2048	2048	0	8192	40006143	8192	40006143
EV-glass1-room2049/54	2048	2048	0	8192	40006143	8192	40006143
EV-glass1-room2049/55	2048	2048	0	8192	40006143	8192	40006143
EV-glass1-room2049/56	2048	2048	0	8192	40006143	8192	40006143
EV-glass1-room2049/57	2048	2048	0	8192	40006143	8192	40006143
EV-glass1-room2049/58	2048	2048	0	8192	40006143	8192	40006143
EV-glass1-room2049/59	2048	2048	0	8192	40006143	8192	40006143
EV-glass1-room2049/60	2048	2048	0	8192	40006143	8192	40006143
EV-glass40-room40000000/21	2048	2048	1	16384	0	8192	8188
EV-glass40-room40000000/22	2048	2048	1	8192	8188	0	16376
EV-glass40-room40000000/23	2048	2048	1	0	16376	0	16376
EV-glass40-room40000000/24	2048	2048	1	0	16376	0	16376
EV-glass40-room40000000/25	2048	2048	1	0	16376	0	16376
EV-glass40-room40000000/26	2048	2048	1	0	16376	0	16376
EV-glass40-room40000000/27	2048	2048	1	0	16376	0	16376
EV-glass40-room40000000/28	2048	2048	1	0	16376	0	16376
EV-glass40-room40000000/29	2048	2048	1	0	16376	0	16376
EV-glass40-room40000000/30	2048	2048	1	0	16376	0	16376
EV-glass40-room40000000/31	2048	2048	1	0	16376	0	16376
EV-glass40-room40000000/32	2048	2048	1	0	16376	0	16376
EV-glass40-room40000000/33	2048	2048	1	0	16376	0	16376
EV-glass40-room40000000/34	2048	2048	1	0	16376	0	16376
EV-glass40-room40000000/35	2048	2048	1	0	16376	0	16376
EV-glass40-room40000000/36	2048	2048	1	0	16376	0	16376
EV-glass40-room40000000/37	2048	2048	1	0	16376	0	16376
EV-glass40-room40000000/38	2048	2048	1	0	16376	0	16376
EV-glass40-room40000000/39	2048	2048	1	0	16376	0	16376
EV-glass40-room40000000/40	2048	2048	1	0	16376	0	16376
EV-glass40-room40000000/41	2048	2048	1	0	16376	0	16376
EV-glass40-room40000000/42	2048	2048	1	0	16376	0	16376
EV-glass40-room40000000/43	2048	2048	1	0	16376	0	16376
EV-glass40-room40000000/44	2048	2048	1	0	16376	0	16376
EV-glass40-room40000000/45	2048	2048	1	0	16376	0	16376
EV-glass40-room40000000/46	2048	2048	1	0	16376	0	16376
EV-glass40-room40000000/47	2048	2048	1	0	16376	0	16376
EV-glass40-room40000000/48	2048	2048	1	0	16376	0	16376
EV-glass40-room40000000/49	2048	2048	1	0	16376	0	16376
EV-glass40-room40000000/50	2048	2048	1	0	16376	0	16376
EV-glass40-room40000000/51	2048	2048	1	0	16376	0	16376
EV-glass40-room40000000/52	2048	2048	1	0	16376	0	16376
EV-glass40-room40000000/53	2048	2048	1	0	16376	0	16376
EV-glass40-room40000000/54	2048	2048	1	0	16376	0	16376
EV-glass40-room40000000/55	2048	2048	1	0	16376	0	16376
EV-glass40-room40000000/56	2048	2048	1	0	16376	0	16376
EV-glass40-room40000000/57	2048	2048	1	0	16376	0	16376
EV-glass40-room40000000/58	2048	2048	1	0	16376	0	16376
EV-glass40-room40000000/59	2048	2048	1	0	16376	0	16376
EV-glass40-room40000000/60	2048	2048	1	0	16376	0	16376
LV-glass1-room33/21	32	128	0	256	39999967	128	40000095
LV-glass1-room33/22	32	128	0	128	40000095	128	40000095
LV-glass1-room33/23	32	128	0	128	40000095	128	40000095
LV-glass1-room33/24	32	128	0	128	40000095	128	40000095
LV-glass1-room33/25	32	128	0	128	40000095	128	40000095
LV-glass1-room33/26	32	128	0	128	40000095	128	40000095
LV-glass1-room33/27	32	128	0	128	40000095	128	40000095
LV-glass1-room33/28	32	128	0	128	40000095	128	40000095
LV-glass1-room33/29	32	128	0	128	40000095	128	40000095
LV-glass1-room33/30	32	128	0	128	40000095	128	40000095
LV-glass1-room33/31	32	128	0	128	40000095	128	40000095
LV-glass1-room33/32	32	128	0	128	40000095	128	40000095
LV-glass1-room33/33	32	128	0	128	40000095	128	40000095
LV-glass1-room33/34	32	128	0	128	40000095	128	40000095
LV-glass1-room33/35	32	128	0	128	40000095	128	40000095
LV-glass1-room33/36	32	128	0	128	40000095	128	40000095
LV-glass1-room33/37	32	128	0	128	40000095	128	40000095
LV-glass1-room33/38	32	128	0	128	40000095	128	40000095
LV-glass1-room33/39	32	128	0	128	40000095	128	40000095
LV-glass1-room33/40	32	128	0	128	40000095	128	40000095
LV-glass1-room33/41	32	128	0	128	40000095	128	40000095
LV-glass1-room33/42	32	128	0	128	40000095	128	40000095
LV-glass1-room33/43	32	128	0	128	40000095	128	40000095
LV-glass1-room33/44	32	128	0	128	40000095	128	40000095
LV-glass1-room33/45	32	128	0	128	40000095	128	40000095
LV-glass1-room33/46	32	128	0	128	40000095	128	40000095
LV-glass1-room33/47	32	128	0	128	40000095	128	40000095
LV-glass1-room33/48	32	128	0	128	40000095	128	40000095
LV-glass1-room33/49	32	128	0	128	40000095	128	40000095
LV-glass1-room33/50	32	128	0	128	40000095	128	40000095
LV-glass1-room33/51	32	128	0	128	40000095	128	40000095
LV-glass1-room33/52	32	128	0	128	40000095	128	40000095
LV-glass1-room33/53	32	128	0	128	40000095	128	40000095
LV-glass1-room33/54	32	128	0	128	40000095	128	40000095
LV-glass1-room33/55	32	128	0	128	40000095	128	40000095
LV-glass1-room33/56	32	128	0	128	40000095	128	40000095
LV-glass1-room33/57	32	128	0	128	40000095	128	40000095
LV-glass1-room33/58	32	128	0	128	40000095	128	40000095
LV-glass1-room33/59	32	128	0	128	40000095	128	40000095
LV-glass1-room33/60	32	128	0	128	40000095	128	40000095
LV-glass40-room40000000/21	32	128	1	256	0	128	124
LV-glass40-room40000000/22	32	128	1	128	124	0	248
LV-glass40-room40000000/23	32	128	1	0	248	0	248
LV-glass40-room40000000/24	32	128	1	0	248	0	248
LV-glass40-room40000000/25	32	128	1	0	248	0	248
LV-glass40-room40000000/26	32	128	1	0	248	0	248
LV-glass40-room40000000/27	32	128	1	0	248	0	248
LV-glass40-room40000000/28	32	128	1	0	248	0	248
LV-glass40-room40000000/29	32	128	1	0	248	0	248
LV-glass40-room40000000/30	32	128	1	0	248	0	248
LV-glass40-room40000000/31	32	128	1	0	248	0	248
LV-glass40-room40000000/32	32	128	1	0	248	0	248
LV-glass40-room40000000/33	32	128	1	0	248	0	248
LV-glass40-room40000000/34	32	128	1	0	248	0	248
LV-glass40-room40000000/35	32	128	1	0	248	0	248
LV-glass40-room40000000/36	32	128	1	0	248	0	248
LV-glass40-room40000000/37	32	128	1	0	248	0	248
LV-glass40-room40000000/38	32	128	1	0	248	0	248
LV-glass40-room40000000/39	32	128	1	0	248	0	248
LV-glass40-room40000000/40	32	128	1	0	248	0	248
LV-glass40-room40000000/41	32	128	1	0	248	0	248
LV-glass40-room40000000/42	32	128	1	0	248	0	248
LV-glass40-room40000000/43	32	128	1	0	248	0	248
LV-glass40-room40000000/44	32	128	1	0	248	0	248
LV-glass40-room40000000/45	32	128	1	0	248	0	248
LV-glass40-room40000000/46	32	128	1	0	248	0	248
LV-glass40-room40000000/47	32	128	1	0	248	0	248
LV-glass40-room40000000/48	32	128	1	0	248	0	248
LV-glass40-room40000000/49	32	128	1	0	248	0	248
LV-glass40-room40000000/50	32	128	1	0	248	0	248
LV-glass40-room40000000/51	32	128	1	0	248	0	248
LV-glass40-room40000000/52	32	128	1	0	248	0	248
LV-glass40-room40000000/53	32	128	1	0	248	0	248
LV-glass40-room40000000/54	32	128	1	0	248	0	248
LV-glass40-room40000000/55	32	128	1	0	248	0	248
LV-glass40-room40000000/56	32	128	1	0	248	0	248
LV-glass40-room40000000/57	32	128	1	0	248	0	248
LV-glass40-room40000000/58	32	128	1	0	248	0	248
LV-glass40-room40000000/59	32	128	1	0	248	0	248
LV-glass40-room40000000/60	32	128	1	0	248	0	248
MV-glass1-room1/21	128	512	0	1024	39999999	1023	40000000
MV-glass1-room1/22	128	512	0	1023	40000000	1023	40000000
MV-glass1-room1/23	128	512	0	1023	40000000	1023	40000000
MV-glass1-room1/24	128	512	0	1023	40000000	1023	40000000
MV-glass1-room1/25	128	512	0	1023	40000000	1023	40000000
MV-glass1-room1/26	128	512	0	1023	40000000	1023	40000000
MV-glass1-room1/27	128	512	0	1023	40000000	1023	40000000
MV-glass1-room1/28	128	512	0	1023	40000000	1023	40000000
MV-glass1-room1/29	128	512	0	1023	40000000	1023	40000000
MV-glass1-room1/30	128	512	0	1023	40000000	1023	40000000
MV-glass1-room1/31	128	512	0	1023	40000000	1023	40000000
MV-glass1-room1/32	128	512	0	1023	40000000	1023	40000000
MV-glass1-room1/33	128	512	0	1023	40000000	1023	40000000
MV-glass1-room1/34	128	512	0	1023	40000000	1023	40000000
MV-glass1-room1/35	128	512	0	1023	40000000	1023	40000000
MV-glass1-room1/36	128	512	0	1023	40000000	1023	40000000
MV-glass1-room1/37	128	512	0	1023	40000000	1023	40000000
MV-glass1-room1/38	128	512	0	1023	40000000	1023	40000000
MV-glass1-room1/39	128	512	0	1023	40000000	1023	40000000
MV-glass1-room1/40	128	512	0	1023	40000000	1023	40000000
MV-glass1-room1/41	128	512	0	1023	40000000	1023	40000000
MV-glass1-room1/42	128	512	0	1023	40000000	1023	40000000
MV-glass1-room1/43	128	512	0	1023	40000000	1023	40000000
MV-glass1-room1/44	128	512	0	1023	40000000	1023	40000000
MV-glass1-room1/45	128	512	0	1023	40000000	1023	40000000
MV-glass1-room1/46	128	512	0	1023	40000000	1023	40000000
MV-glass1-room1/47	128	512	0	1023	40000000	1023	40000000
MV-glass1-room1/48	128	512	0	1023	40000000	1023	40000000
MV-glass1-room1/49	128	512	0	1023	40000000	1023	40000000
MV-glass1-room1/50	128	512	0	1023	40000000	1023	40000000
MV-glass1-room1/51	128	512	0	1023	40000000	1023	40000000
MV-glass1-room1/52	128	512	0	1023	40000000	1023	40000000
MV-glass1-room1/53	128	512	0	1023	40000000	1023	40000000
MV-glass1-room1/54	128	512	0	1023	40000000	1023	40000000
MV-glass1-room1/55	128	512	0	1023	40000000	1023	40000000
MV-glass1-room1/56	128	512	0	1023	40000000	1023	40000000
MV-glass1-room1/57	128	512	0	1023	40000000	1023	40000000
MV-glass1-room1/58	128	512	0	1023	40000000	1023	40000000
MV-glass1-room1/59	128	512	0	1023	40000000	1023	40000000
MV-glass1-room1/60	128	512	0	1023	40000000	1023	40000000
MV-glass40-room129/21	128	512	1	1024	39999871	512	40000379
MV-glass40-room129/22	128	512	1	512	40000379	512	40000379
MV-glass40-room129/23	128	512	1	512	40000379	512	40000379
MV-glass40-room129/24	128	512	1	512	40000379	512	40000379
MV-glass40-room129/25	128	512	1	512	40000379	512	40000379
MV-glass40-room129/26	128	512	1	512	40000379	512	40000379
MV-glass40-room129/27	128	512	1	512	40000379	512	40000379
MV-glass40-room129/28	128	512	1	512	40000379	512	40000379
MV-glass40-room129/29	128	512	1	512	40000379	512	40000379
MV-glass40-room129/30	128	512	1	512	40000379	512	40000379
MV-glass40-room129/31	128	512	1	512	40000379	512	40000379
MV-glass40-room129/32	128	512	1	512	40000379	512	40000379
MV-glass40-room129/33	128	512	1	512	40000379	512	40000379
MV-glass40-room129/34	128	512	1	512	40000379	512	40000379
MV-glass40-room129/35	128	512	1	512	40000379	512	40000379
MV-glass40-room129/36	128	512	1	512	40000379	512	40000379
MV-glass40-room129/37	128	512	1	512	40000379	512	40000379
MV-glass40-room129/38	128	512	1	512	40000379	512	40000379
MV-glass40-room129/39	128	512	1	512	40000379	512	40000379
MV-glass40-room129/40	128	512	1	512	40000379	512	40000379
MV-glass40-room129/41	128	512	1	512	40000379	512	40000379
MV-glass40-room129/42	128	512	1	512	40000379	512	40000379
MV-glass40-room129/43	128	512	1	512	40000379	512	40000379
MV-glass40-room129/44	128	512	1	512	40000379	512	40000379
MV-glass40-room129/45	128	512	1	512	40000379	512	40000379
MV-glass40-room129/46	128	512	1	512	40000379	512	40000379
MV-glass40-room129/47	128	512	1	512	40000379	512	40000379
MV-glass40-room129/48	128	512	1	512	40000379	512	40000379
MV-glass40-room129/49	128	512	1	512	40000379	512	40000379
MV-glass40-room129/50	128	512	1	512	40000379	512	40000379
MV-glass40-room129/51	128	512	1	512	40000379	512	40000379
MV-glass40-room129/52	128	512	1	512	40000379	512	40000379
MV-glass40-room129/53	128	512	1	512	40000379	512	40000379
MV-glass40-room129/54	128	512	1	512	40000379	512	40000379
MV-glass40-room129/55	128	512	1	512	40000379	512	40000379
MV-glass40-room129/56	128	512	1	512	40000379	512	40000379
MV-glass40-room129/57	128	512	1	512	40000379	512	40000379
MV-glass40-room129/58	128	512	1	512	40000379	512	40000379
MV-glass40-room129/59	128	512	1	512	40000379	512	40000379
MV-glass40-room129/60	128	512	1	512	40000379	512	40000379
MV-glass80-room40000000/21	128	512	2	1024	0	512	504
MV-glass80-room40000000/22	128	512	2	512	504	0	1008
MV-glass80-room40000000/23	128	512	2	0	1008	0	1008
MV-glass80-room40000000/24	128	512	2	0	1008	0	1008
MV-glass80-room40000000/25	128	512	2	0	1008	0	1008
MV-glass80-room40000000/26	128	512	2	0	1008	0	1008
MV-glass80-room40000000/27	128	512	2	0	1008	0	1008
MV-glass80-room40000000/28	128	512	2	0	1008	0	1008
MV-glass80-room40000000/29	128	512	2	0	1008	0	1008
MV-glass80-room40000000/30	128	512	2	0	1008	0	1008
MV-glass80-room40000000/31	128	512	2	0	1008	0	1008
MV-glass80-room40000000/32	128	512	2	0	1008	0	1008
MV-glass80-room40000000/33	128	512	2	0	1008	0	1008
MV-glass80-room40000000/34	128	512	2	0	1008	0	1008
MV-glass80-room40000000/35	128	512	2	0	1008	0	1008
MV-glass80-room40000000/36	128	512	2	0	1008	0	1008
MV-glass80-room40000000/37	128	512	2	0	1008	0	1008
MV-glass80-room40000000/38	128	512	2	0	1008	0	1008
MV-glass80-room40000000/39	128	512	2	0	1008	0	1008
MV-glass80-room40000000/40	128	512	2	0	1008	0	1008
MV-glass80-room40000000/41	128	512	2	0	1008	0	1008
MV-glass80-room40000000/42	128	512	2	0	1008	0	1008
MV-glass80-room40000000/43	128	512	2	0	1008	0	1008
MV-glass80-room40000000/44	128	512	2	0	1008	0	1008
MV-glass80-room40000000/45	128	512	2	0	1008	0	1008
MV-glass80-room40000000/46	128	512	2	0	1008	0	1008
MV-glass80-room40000000/47	128	512	2	0	1008	0	1008
MV-glass80-room40000000/48	128	512	2	0	1008	0	1008
MV-glass80-room40000000/49	128	512	2	0	1008	0	1008
MV-glass80-room40000000/50	128	512	2	0	1008	0	1008
MV-glass80-room40000000/51	128	512	2	0	1008	0	1008
MV-glass80-room40000000/52	128	512	2	0	1008	0	1008
MV-glass80-room40000000/53	128	512	2	0	1008	0	1008
MV-glass80-room40000000/54	128	512	2	0	1008	0	1008
MV-glass80-room40000000/55	128	512	2	0	1008	0	1008
MV-glass80-room40000000/56	128	512	2	0	1008	0	1008
MV-glass80-room40000000/57	128	512	2	0	1008	0	1008
MV-glass80-room40000000/58	128	512	2	0	1008	0	1008
MV-glass80-room40000000/59	128	512	2	0	1008	0	1008
MV-glass80-room40000000/60	128	512	2	0	1008	0	1008
HV-glass40-room1/21	512	2048	1	4096	39999999	4094	40000000
HV-glass40-room1/22	512	2048	1	4094	40000000	4094	40000000
HV-glass40-room1/23	512	2048	1	4094	40000000	4094	40000000
HV-glass40-room1/24	512	2048	1	4094	40000000	4094	40000000
HV-glass40-room1/25	512	2048	1	4094	40000000	4094	40000000
HV-glass40-room1/26	512	2048	1	4094	40000000	4094	40000000
HV-glass40-room1/27	512	2048	1	4094	40000000	4094	40000000
HV-glass40-room1/28	512	2048	1	4094	40000000	4094	40000000
HV-glass40-room1/29	512	2048	1	4094	40000000	4094	40000000
HV-glass40-room1/30	512	2048	1	4094	40000000	4094	40000000
HV-glass40-room1/31	512	2048	1	4094	40000000	4094	40000000
HV-glass40-room1/32	512	2048	1	4094	40000000	4094	40000000
HV-glass40-room1/33	512	2048	1	4094	40000000	4094	40000000
HV-glass40-room1/34	512	2048	1	4094	40000000	4094	40000000
HV-glass40-room1/35	512	2048	1	4094	40000000	4094	40000000
HV-glass40-room1/36	512	2048	1	4094	40000000	4094	40000000
HV-glass40-room1/37	512	2048	1	4094	40000000	4094	40000000
HV-glass40-room1/38	512	2048	1	4094	40000000	4094	40000000
HV-glass40-room1/39	512	2048	1	4094	40000000	4094	40000000
HV-glass40-room1/40	512	2048	1	4094	40000000	4094	40000000
HV-glass40-room1/41	512	2048	1	4094	40000000	4094	40000000
HV-glass40-room1/42	512	2048	1	4094	40000000	4094	40000000
HV-glass40-room1/43	512	2048	1	4094	40000000	4094	40000000
HV-glass40-room1/44	512	2048	1	4094	40000000	4094	40000000
HV-glass40-room1/45	512	2048	1	4094	40000000	4094	40000000
HV-glass40-room1/46	512	2048	1	4094	40000000	4094	40000000
HV-glass40-room1/47	512	2048	1	4094	40000000	4094	40000000
HV-glass40-room1/48	512	2048	1	4094	40000000	4094	40000000
HV-glass40-room1/49	512	2048	1	4094	40000000	4094	40000000
HV-glass40-room1/50	512	2048	1	4094	40000000	4094	40000000
HV-glass40-room1/51	512	2048	1	4094	40000000	4094	40000000
HV-glass40-room1/52	512	2048	1	4094	40000000	4094	40000000
HV-glass40-room1/53	512	2048	1	4094	40000000	4094	40000000
HV-glass40-room1/54	512	2048	1	4094	40000000	4094	40000000
HV-glass40-room1/55	512	2048	1	4094	40000000	4094	40000000
HV-glass40-room1/56	512	2048	1	4094	40000000	4094	40000000
HV-glass40-room1/57	512	2048	1	4094	40000000	4094	40000000
HV-glass40-room1/58	512	2048	1	4094	40000000	4094	40000000
HV-glass40-room1/59	512	2048	1	4094	40000000	4094	40000000
HV-glass40-room1/60	512	2048	1	4094	40000000	4094	40000000
HV-glass80-room513/21	512	2048	2	4096	39999487	2048	40001527
HV-glass80-room513/22	512	2048	2	2048	40001527	2048	40001527
HV-glass80-room513/23	512	2048	2	2048	40001527	2048	40001527
HV-glass80-room513/24	512	2048	2	2048	40001527	2048	40001527
HV-glass80-room513/25	512	2048	2	2048	40001527	2048	40001527
HV-glass80-room513/26	512	2048	2	2048	40001527	2048	40001527
HV-glass80-room513/27	512	2048	2	2048	40001527	2048	40001527
HV-glass80-room513/28	512	2048	2	2048	40001527	2048	40001527
HV-glass80-room513/29	512	2048	2	2048	40001527	2048	40001527
HV-glass80-room513/30	512	2048	2	2048	40001527	2048	40001527
HV-glass80-room513/31	512	2048	2	2048	40001527	2048	40001527
HV-glass80-room513/32	512	2048	2	2048	40001527	2048	40001527
HV-glass80-room513/33	512	2048	2	2048	40001527	2048	40001527
HV-glass80-room513/34	512	2048	2	2048	40001527	2048	40001527
HV-glass80-room513/35	512	2048	2	2048	40001527	2048	40001527
HV-glass80-room513/36	512	2048	2	2048	40001527	2048	40001527
HV-glass80-room513/37	512	2048	2	2048	40001527	2048	40001527
HV-glass80-room513/38	512	2048	2	2048	40001527	2048	40001527
HV-glass80-room513/39	512	2048	2	2048	40001527	2048	40001527
HV-glass80-room513/40	512	2048	2	2048	40001527	2048	40001527
HV-glass80-room513/41	512	2048	2	2048	40001527	2048	40001527
HV-glass80-room513/42	512	2048	2	2048	40001527	2048	40001527
HV-glass80-room513/43	512	2048	2	2048	40001527	2048	40001527
HV-glass80-room513/44	512	2048	2	2048	40001527	2048	40001527
HV-glass80-room513/45	512	2048	2	2048	40001527	2048	40001527
HV-glass80-room513/46	512	2048	2	2048	40001527	2048	40001527
HV-glass80-room513/47	512	2048	2	2048	40001527	2048	40001527
HV-glass80-room513/48	512	2048	2	2048	40001527	2048	40001527
HV-glass80-room513/49	512	2048	2	2048	40001527	2048	40001527
HV-glass80-room513/50	512	2048	2	2048	40001527	2048	40001527
HV-glass80-room513/51	512	2048	2	2048	40001527	2048	40001527
HV-glass80-room513/52	512	2048	2	2048	40001527	2048	40001527
HV-glass80-room513/53	512	2048	2	2048	40001527	2048	40001527
HV-glass80-room513/54	512	2048	2	2048	40001527	2048	40001527
HV-glass80-room513/55	512	2048	2	2048	40001527	2048	40001527
HV-glass80-room513/56	512	2048	2	2048	40001527	2048	40001527
HV-glass80-room513/57	512	2048	2	2048	40001527	2048	40001527
HV-glass80-room513/58	512	2048	2	2048	40001527	2048	40001527
HV-glass80-room513/59	512	2048	2	2048	40001527	2048	40001527
HV-glass80-room513/60	512	2048	2	2048	40001527	2048	40001527
EV-glass1-room40000000/21	2048	2048	0	16384	0	8192	8192
EV-glass1-room40000000/22	2048	2048	0	8192	8192	0	16384
EV-glass1-room40000000/23	2048	2048	0	0	16384	0	16384
EV-glass1-room40000000/24	2048	2048	0	0	16384	0	16384
EV-glass1-room40000000/25	2048	2048	0	0	16384	0	16384
EV-glass1-room40000000/26	2048	2048	0	0	16384	0	16384
EV-glass1-room40000000/27	2048	2048	0	0	16384	0	16384
EV-glass1-room40000000/28	2048	2048	0	0	16384	0	16384
EV-glass1-room40000000/29	2048	2048	0	0	16384	0	16384
EV-glass1-room40000000/30	2048	2048	0	0	16384	0	16384
EV-glass1-room40000000/31	2048	2048	0	0	16384	0	16384
EV-glass1-room40000000/32	2048	2048	0	0	16384	0	16384
EV-glass1-room40000000/33	2048	2048	0	0	16384	0	16384
EV-glass1-room40000000/34	2048	2048	0	0	16384	0	16384
EV-glass1-room40000000/35	2048	2048	0	0	16384	0	16384
EV-glass1-room40000000/36	2048	2048	0	0	16384	0	16384
EV-glass1-room40000000/37	2048	2048	0	0	16384	0	16384
EV-glass1-room40000000/38	2048	2048	0	0	16384	0	16384
EV-glass1-room40000000/39	2048	2048	0	0	16384	0	16384
EV-glass1-room40000000/40	2048	2048	0	0	16384	0	16384
EV-glass1-room40000000/41	2048	2048	0	0	16384	0	16384
EV-glass1-room40000000/42	2048	2048	0	0	16384	0	16384
EV-glass1-room40000000/43	2048	2048	0	0	16384	0	16384
EV-glass1-room40000000/44	2048	2048	0	0	16384	0	16384
EV-glass1-room40000000/45	2048	2048	0	0	16384	0	16384
EV-glass1-room40000000/46	2048	2048	0	0	16384	0	16384
EV-glass1-room40000000/47	2048	2048	0	0	16384	0	16384
EV-glass1-room40000000/48	2048	2048	0	0	16384	0	16384
EV-glass1-room40000000/49	2048	2048	0	0	16384	0	16384
EV-glass1-room40000000/50	2048	2048	0	0	16384	0	16384
EV-glass1-room40000000/51	2048	2048	0	0	16384	0	16384
EV-glass1-room40000000/52	2048	2048	0	0	16384	0	16384
EV-glass1-room40000000/53	2048	2048	0	0	16384	0	16384
EV-glass1-room40000000/54	2048	2048	0	0	16384	0	16384
EV-glass1-room40000000/55	2048	2048	0	0	16384	0	16384
EV-glass1-room40000000/56	2048	2048	0	0	16384	0	16384
EV-glass1-room40000000/57	2048	2048	0	0	16384	0	16384
EV-glass1-room40000000/58	2048	2048	0	0	16384	0	16384
EV-glass1-room40000000/59	2048	2048	0	0	16384	0	16384
EV-glass1-room40000000/60	2048	2048	0	0	16384	0	16384
EV-glass80-room1/21	2048	2048	2	16384	39999999	16381	40000000
EV-glass80-room1/22	2048	2048	2	16381	40000000	16381	40000000
EV-glass80-room1/23	2048	2048	2	16381	40000000	16381	40000000
EV-glass80-room1/24	2048	2048	2	16381	40000000	16381	40000000
EV-glass80-room1/25	2048	2048	2	16381	40000000	16381	40000000
EV-glass80-room1/26	2048	2048	2	16381	40000000	16381	40000000
EV-glass80-room1/27	2048	2048	2	16381	40000000	16381	40000000
EV-glass80-room1/28	2048	2048	2	16381	40000000	16381	40000000
EV-glass80-room1/29	2048	2048	2	16381	40000000	16381	40000000
EV-glass80-room1/30	2048	2048	2	16381	40000000	16381	40000000
EV-glass80-room1/31	2048	2048	2	16381	40000000	16381	40000000
EV-glass80-room1/32	2048	2048	2	16381	40000000	16381	40000000
EV-glass80-room1/33	2048	2048	2	16381	40000000	16381	40000000
EV-glass80-room1/34	2048	2048	2	16381	40000000	16381	40000000
EV-glass80-room1/35	2048	2048	2	16381	40000000	16381	40000000
EV-glass80-room1/36	2048	2048	2	16381	40000000	16381	40000000
EV-glass80-room1/37	2048	2048	2	16381	40000000	16381	40000000
EV-glass80-room1/38	2048	2048	2	16381	40000000	16381	40000000
EV-glass80-room1/39	2048	2048	2	16381	40000000	16381	40000000
EV-glass80-room1/40	2048	2048	2	16381	40000000	16381	40000000
EV-glass80-room1/41	2048	2048	2	16381	40000000	16381	40000000
EV-glass80-room1/42	2048	2048	2	16381	40000000	16381	40000000
EV-glass80-room1/43	2048	2048	2	16381	40000000	16381	40000000
EV-glass80-room1/44	2048	2048	2	16381	40000000	16381	40000000
EV-glass80-room1/45	2048	2048	2	16381	40000000	16381	40000000
EV-glass80-room1/46	2048	2048	2	16381	40000000	16381	40000000
EV-glass80-room1/47	2048	2048	2	16381	40000000	16381	40000000
EV-glass80-room1/48	2048	2048	2	16381	40000000	16381	40000000
EV-glass80-room1/49	2048	2048	2	16381	40000000	16381	40000000
EV-glass80-room1/50	2048	2048	2	16381	40000000	16381	40000000
EV-glass80-room1/51	2048	2048	2	16381	40000000	16381	40000000
EV-glass80-room1/52	2048	2048	2	16381	40000000	16381	40000000
EV-glass80-room1/53	2048	2048	2	16381	40000000	16381	40000000
EV-glass80-room1/54	2048	2048	2	16381	40000000	16381	40000000
EV-glass80-room1/55	2048	2048	2	16381	40000000	16381	40000000
EV-glass80-room1/56	2048	2048	2	16381	40000000	16381	40000000
EV-glass80-room1/57	2048	2048	2	16381	40000000	16381	40000000
EV-glass80-room1/58	2048	2048	2	16381	40000000	16381	40000000
EV-glass80-room1/59	2048	2048	2	16381	40000000	16381	40000000
EV-glass80-room1/60	2048	2048	2	16381	40000000	16381	40000000
LV-glass1-room40000000/21	32	128	0	256	0	128	128
LV-glass1-room40000000/22	32	128	0	128	128	0	256
LV-glass1-room40000000/23	32	128	0	0	256	0	256
LV-glass1-room40000000/24	32	128	0	0	256	0	256
LV-glass1-room40000000/25	32	128	0	0	256	0	256
LV-glass1-room40000000/26	32	128	0	0	256	0	256
LV-glass1-room40000000/27	32	128	0	0	256	0	256
LV-glass1-room40000000/28	32	128	0	0	256	0	256
LV-glass1-room40000000/29	32	128	0	0	256	0	256
LV-glass1-room40000000/30	32	128	0	0	256	0	256
LV-glass1-room40000000/31	32	128	0	0	256	0	256
LV-glass1-room40000000/32	32	128	0	0	256	0	256
LV-glass1-room40000000/33	32	128	0	0	256	0	256
LV-glass1-room40000000/34	32	128	0	0	256	0	256
LV-glass1-room40000000/35	32	128	0	0	256	0	256
LV-glass1-room40000000/36	32	128	0	0	256	0	256
LV-glass1-room40000000/37	32	128	0	0	256	0	256
LV-glass1-room40000000/38	32	128	0	0	256	0	256
LV-glass1-room40000000/39	32	128	0	0	256	0	256
LV-glass1-room40000000/40	32	128	0	0	256	0	256
LV-glass1-room40000000/41	32	128	0	0	256	0	256
LV-glass1-room40000000/42	32	128	0	0	256	0	256
LV-glass1-room40000000/43	32	128	0	0	256	0	256
LV-glass1-room40000000/44	32	128	0	0	256	0	256
LV-glass1-room40000000/45	32	128	0	0	256	0	256
LV-glass1-room40000000/46	32	128	0	0	256	0	256
LV-glass1-room40000000/47	32	128	0	0	256	0	256
LV-glass1-room40000000/48	32	128	0	0	256	0	256
LV-glass1-room40000000/49	32	128	0	0	256	0	256
LV-glass1-room40000000/50	32	128	0	0	256	0	256
LV-glass1-room40000000/51	32	128	0	0	256	0	256
LV-glass1-room40000000/52	32	128	0	0	256	0	256
LV-glass1-room40000000/53	32	128	0	0	256	0	256
LV-glass1-room40000000/54	32	128	0	0	256	0	256
LV-glass1-room40000000/55	32	128	0	0	256	0	256
LV-glass1-room40000000/56	32	128	0	0	256	0	256
LV-glass1-room40000000/57	32	128	0	0	256	0	256
LV-glass1-room40000000/58	32	128	0	0	256	0	256
LV-glass1-room40000000/59	32	128	0	0	256	0	256
LV-glass1-room40000000/60	32	128	0	0	256	0	256
LV-glass80-room1/21	32	128	2	256	39999999	253	40000000
LV-glass80-room1/22	32	128	2	253	40000000	253	40000000
LV-glass80-room1/23	32	128	2	253	40000000	253	40000000
LV-glass80-room1/24	32	128	2	253	40000000	253	40000000
LV-glass80-room1/25	32	128	2	253	40000000	253	40000000
LV-glass80-room1/26	32	128	2	253	40000000	253	40000000
LV-glass80-room1/27	32	128	2	253	40000000	253	40000000
LV-glass80-room1/28	32	128	2	253	40000000	253	40000000
LV-glass80-room1/29	32	128	2	253	40000000	253	40000000
LV-glass80-room1/30	32	128	2	253	40000000	253	40000000
LV-glass80-room1/31	32	128	2	253	40000000	253	40000000
LV-glass80-room1/32	32	128	2	253	40000000	253	40000000
LV-glass80-room1/33	32	128	2	253	40000000	253	40000000
LV-glass80-room1/34	32	128	2	253	40000000	253	40000000
LV-glass80-room1/35	32	128	2	253	40000000	253	40000000
LV-glass80-room1/36	32	128	2	253	40000000	253	40000000
LV-glass80-room1/37	32	128	2	253	40000000	253	40000000
LV-glass80-room1/38	32	128	2	253	40000000	253	40000000
LV-glass80-room1/39	32	128	2	253	40000000	253	40000000
LV-glass80-room1/40	32	128	2	253	40000000	253	40000000
LV-glass80-room1/41	32	128	2	253	40000000	253	40000000
LV-glass80-room1/42	32	128	2	253	40000000	253	40000000
LV-glass80-room1/43	32	128	2	253	40000000	253	40000000
LV-glass80-room1/44	32	128	2	253	40000000	253	40000000
LV-glass80-room1/45	32	128	2	253	40000000	253	40000000
LV-glass80-room1/46	32	128	2	253	40000000	253	40000000
LV-glass80-room1/47	32	128	2	253	40000000	253	40000000
LV-glass80-room1/48	32	128	2	253	40000000	253	40000000
LV-glass80-room1/49	32	128	2	253	40000000	253	40000000
LV-glass80-room1/50	32	128	2	253	40000000	253	40000000
LV-glass80-room1/51	32	128	2	253	40000000	253	40000000
LV-glass80-room1/52	32	128	2	253	40000000	253	40000000
LV-glass80-room1/53	32	128	2	253	40000000	253	40000000
LV-glass80-room1/54	32	128	2	253	40000000	253	40000000
LV-glass80-room1/55	32	128	2	253	40000000	253	40000000
LV-glass80-room1/56	32	128	2	253	40000000	253	40000000
LV-glass80-room1/57	32	128	2	253	40000000	253	40000000
LV-glass80-room1/58	32	128	2	253	40000000	253	40000000
LV-glass80-room1/59	32	128	2	253	40000000	253	40000000
LV-glass80-room1/60	32	128	2	253	40000000	253	40000000
MV-glass1-room129/21	128	512	0	1024	39999871	512	40000383
MV-glass1-room129/22	128	512	0	512	40000383	512	40000383
MV-glass1-room129/23	128	512	0	512	40000383	512	40000383
MV-glass1-room129/24	128	512	0	512	40000383	512	40000383
MV-glass1-room129/25	128	512	0	512	40000383	512	40000383
MV-glass1-room129/26	128	512	0	512	40000383	512	40000383
MV-glass1-room129/27	128	512	0	512	40000383	512	40000383
MV-glass1-room129/28	128	512	0	512	40000383	512	40000383
MV-glass1-room129/29	128	512	0	512	40000383	512	40000383
MV-glass1-room129/30	128	512	0	512	40000383	512	40000383
MV-glass1-room129/31	128	512	0	512	40000383	512	40000383
MV-glass1-room129/32	128	512	0	512	40000383	512	40000383
MV-glass1-room129/33	128	512	0	512	40000383	512	40000383
MV-glass1-room129/34	128	512	0	512	40000383	512	40000383
MV-glass1-room129/35	128	512	0	512	40000383	512	40000383
MV-glass1-room129/36	128	512	0	512	40000383	512	40000383
MV-glass1-room129/37	128	512	0	512	40000383	512	40000383
MV-glass1-room129/38	128	512	0	512	40000383	512	40000383
MV-glass1-room129/39	128	512	0	512	40000383	512	40000383
MV-glass1-room129/40	128	512	0	512	40000383	512	40000383
MV-glass1-room129/41	128	512	0	512	40000383	512	40000383
MV-glass1-room129/42	128	512	0	512	40000383	512	40000383
MV-glass1-room129/43	128	512	0	512	40000383	512	40000383
MV-glass1-room129/44	128	512	0	512	40000383	512	40000383
MV-glass1-room129/45	128	512	0	512	40000383	512	40000383
MV-glass1-room129/46	128	512	0	512	40000383	512	40000383
MV-glass1-room129/47	128	512	0	512	40000383	512	40000383
MV-glass1-room129/48	128	512	0	512	40000383	512	40000383
MV-glass1-room129/49	128	512	0	512	40000383	512	40000383
MV-glass1-room129/50	128	512	0	512	40000383	512	40000383
MV-glass1-room129/51	128	512	0	512	40000383	512	40000383
MV-glass1-room129/52	128	512	0	512	40000383	512	40000383
MV-glass1-room129/53	128	512	0	512	40000383	512	40000383
MV-glass1-room129/54	128	512	0	512	40000383	512	40000383
MV-glass1-room129/55	128	512	0	512	40000383	512	40000383
MV-glass1-room129/56	128	512	0	512	40000383	512	40000383
MV-glass1-room129/57	128	512	0	512	40000383	512	40000383
MV-glass1-room129/58	128	512	0	512	40000383	512	40000383
MV-glass1-room129/59	128	512	0	512	40000383	512	40000383
MV-glass1-room129/60	128	512	0	512	40000383	512	40000383
MV-glass40-room40000000/21	128	512	1	1024	0	512	508
MV-glass40-room40000000/22	128	512	1	512	508	0	1016
MV-glass40-room40000000/23	128	512	1	0	1016	0	1016
MV-glass40-room40000000/24	128	512	1	0	1016	0	1016
MV-glass40-room40000000/25	128	512	1	0	1016	0	1016
MV-glass40-room40000000/26	128	512	1	0	1016	0	1016
MV-glass40-room40000000/27	128	512	1	0	1016	0	1016
MV-glass40-room40000000/28	128	512	1	0	1016	0	1016
MV-glass40-room40000000/29	128	512	1	0	1016	0	1016
MV-glass40-room40000000/30	128	512	1	0	1016	0	1016
MV-glass40-room40000000/31	128	512	1	0	1016	0	1016
MV-glass40-room40000000/32	128	512	1	0	1016	0	1016
MV-glass40-room40000000/33	128	512	1	0	1016	0	1016
MV-glass40-room40000000/34	128	512	1	0	1016	0	1016
MV-glass40-room40000000/35	128	512	1	0	1016	0	1016
MV-glass40-room40000000/36	128	512	1	0	1016	0	1016
MV-glass40-room40000000/37	128	512	1	0	1016	0	1016
MV-glass40-room40000000/38	128	512	1	0	1016	0	1016
MV-glass40-room40000000/39	128	512	1	0	1016	0	1016
MV-glass40-room40000000/40	128	512	1	0	1016	0	1016
MV-glass40-room40000000/41	128	512	1	0	1016	0	1016
MV-glass40-room40000000/42	128	512	1	0	1016	0	1016
MV-glass40-room40000000/43	128	512	1	0	1016	0	1016
MV-glass40-room40000000/44	128	512	1	0	1016	0	1016
MV-glass40-room40000000/45	128	512	1	0	1016	0	1016
MV-glass40-room40000000/46	128	512	1	0	1016	0	1016
MV-glass40-room40000000/47	128	512	1	0	1016	0	1016
MV-glass40-room40000000/48	128	512	1	0	1016	0	1016
MV-glass40-room40000000/49	128	512	1	0	1016	0	1016
MV-glass40-room40000000/50	128	512	1	0	1016	0	1016
MV-glass40-room40000000/51	128	512	1	0	1016	0	1016
MV-glass40-room40000000/52	128	512	1	0	1016	0	1016
MV-glass40-room40000000/53	128	512	1	0	1016	0	1016
MV-glass40-room40000000/54	128	512	1	0	1016	0	1016
MV-glass40-room40000000/55	128	512	1	0	1016	0	1016
MV-glass40-room40000000/56	128	512	1	0	1016	0	1016
MV-glass40-room40000000/57	128	512	1	0	1016	0	1016
MV-glass40-room40000000/58	128	512	1	0	1016	0	1016
MV-glass40-room40000000/59	128	512	1	0	1016	0	1016
MV-glass40-room40000000/60	128	512	1	0	1016	0	1016
HV-glass1-room1/21	512	2048	0	4096	39999999	4095	40000000
HV-glass1-room1/22	512	2048	0	4095	40000000	4095	40000000
HV-glass1-room1/23	512	2048	0	4095	40000000	4095	40000000
HV-glass1-room1/24	512	2048	0	4095	40000000	4095	40000000
HV-glass1-room1/25	512	2048	0	4095	40000000	4095	40000000
HV-glass1-room1/26	512	2048	0	4095	40000000	4095	40000000
HV-glass1-room1/27	512	2048	0	4095	40000000	4095	40000000
HV-glass1-room1/28	512	2048	0	4095	40000000	4095	40000000
HV-glass1-room1/29	512	2048	0	4095	40000000	4095	40000000
HV-glass1-room1/30	512	2048	0	4095	40000000	4095	40000000
HV-glass1-room1/31	512	2048	0	4095	40000000	4095	40000000
HV-glass1-room1/32	512	2048	0	4095	40000000	4095	40000000
HV-glass1-room1/33	512	2048	0	4095	40000000	4095	40000000
HV-glass1-room1/34	512	2048	0	4095	40000000	4095	40000000
HV-glass1-room1/35	512	2048	0	4095	40000000	4095	40000000
HV-glass1-room1/36	512	2048	0	4095	40000000	4095	40000000
HV-glass1-room1/37	512	2048	0	4095	40000000	4095	40000000
HV-glass1-room1/38	512	2048	0	4095	40000000	4095	40000000
HV-glass1-room1/39	512	2048	0	4095	40000000	4095	40000000
HV-glass1-room1/40	512	2048	0	4095	40000000	4095	40000000
HV-glass1-room1/41	512	2048	0	4095	40000000	4095	40000000
HV-glass1-room1/42	512	2048	0	4095	40000000	4095	40000000
HV-glass1-room1/43	512	2048	0	4095	40000000	4095	40000000
HV-glass1-room1/44	512	2048	0	4095	40000000	4095	40000000
HV-glass1-room1/45	512	2048	0	4095	40000000	4095	40000000
HV-glass1-room1/46	512	2048	0	4095	40000000	4095	40000000
HV-glass1-room1/47	512	2048	0	4095	40000000	4095	40000000
HV-glass1-room1/48	512	2048	0	4095	40000000	4095	40000000
HV-glass1-room1/49	512	2048	0	4095	40000000	4095	40000000
HV-glass1-room1/50	512	2048	0	4095	40000000	4095	40000000
HV-glass1-room1/51	512	2048	0	4095	40000000	4095	40000000
HV-glass1-room1/52	512	2048	0	4095	40000000	4095	40000000
HV-glass1-room1/53	512	2048	0	4095	40000000	4095	40000000
HV-glass1-room1/54	512	2048	0	4095	40000000	4095	40000000
HV-glass1-room1/55	512	2048	0	4095	40000000	4095	40000000
HV-glass1-room1/56	512	2048	0	4095	40000000	4095	40000000
HV-glass1-room1/57	512	2048	0	4095	40000000	4095	40000000
HV-glass1-room1/58	512	2048	0	4095	40000000	4095	40000000
HV-glass1-room1/59	512	2048	0	4095	40000000	4095	40000000
HV-glass1-room1/60	512	2048	0	4095	40000000	4095	40000000
HV-glass40-room513/21	512	2048	1	4096	39999487	2048	40001531
HV-glass40-room513/22	512	2048	1	2048	40001531	2048	40001531
HV-glass40-room513/23	512	2048	1	2048	40001531	2048	40001531
HV-glass40-room513/24	512	2048	1	2048	40001531	2048	40001531
HV-glass40-room513/25	512	2048	1	2048	40001531	2048	40001531
HV-glass40-room513/26	512	2048	1	2048	40001531	2048	40001531
HV-glass40-room513/27	512	2048	1	2048	40001531	2048	40001531
HV-glass40-room513/28	512	2048	1	2048	40001531	2048	40001531
HV-glass40-room513/29	512	2048	1	2048	40001531	2048	40001531
HV-glass40-room513/30	512	2048	1	2048	40001531	2048	40001531
HV-glass40-room513/31	512	2048	1	2048	40001531	2048	40001531
HV-glass40-room513/32	512	2048	1	2048	40001531	2048	40001531
HV-glass40-room513/33	512	2048	1	2048	40001531	2048	40001531
HV-glass40-room513/34	512	2048	1	2048	40001531	2048	40001531
HV-glass40-room513/35	512	2048	1	2048	40001531	2048	40001531
HV-glass40-room513/36	512	2048	1	2048	40001531	2048	40001531
HV-glass40-room513/37	512	2048	1	2048	40001531	2048	40001531
HV-glass40-room513/38	512	2048	1	2048	40001531	2048	40001531
HV-glass40-room513/39	512	2048	1	2048	40001531	2048	40001531
HV-glass40-room513/40	512	2048	1	2048	40001531	2048	40001531
HV-glass40-room513/41	512	2048	1	2048	40001531	2048	40001531
HV-glass40-room513/42	512	2048	1	2048	40001531	2048	40001531
HV-glass40-room513/43	512	2048	1	2048	40001531	2048	40001531
HV-glass40-room513/44	512	2048	1	2048	40001531	2048	40001531
HV-glass40-room513/45	512	2048	1	2048	40001531	2048	40001531
HV-glass40-room513/46	512	2048	1	2048	40001531	2048	40001531
HV-glass40-room513/47	512	2048	1	2048	40001531	2048	40001531
HV-glass40-room513/48	512	2048	1	2048	40001531	2048	40001531
HV-glass40-room513/49	512	2048	1	2048	40001531	2048	40001531
HV-glass40-room513/50	512	2048	1	2048	40001531	2048	40001531
HV-glass40-room513/51	512	2048	1	2048	40001531	2048	40001531
HV-glass40-room513/52	512	2048	1	2048	40001531	2048	40001531
HV-glass40-room513/53	512	2048	1	2048	40001531	2048	40001531
HV-glass40-room513/54	512	2048	1	2048	40001531	2048	40001531
HV-glass40-room513/55	512	2048	1	2048	40001531	2048	40001531
HV-glass40-room513/56	512	2048	1	2048	40001531	2048	40001531
HV-glass40-room513/57	512	2048	1	2048	40001531	2048	40001531
HV-glass40-room513/58	512	2048	1	2048	40001531	2048	40001531
HV-glass40-room513/59	512	2048	1	2048	40001531	2048	40001531
HV-glass40-room513/60	512	2048	1	2048	40001531	2048	40001531
HV-glass80-room40000000/21	512	2048	2	4096	0	2048	2040
HV-glass80-room40000000/22	512	2048	2	2048	2040	0	4080
HV-glass80-room40000000/23	512	2048	2	0	4080	0	4080
HV-glass80-room40000000/24	512	2048	2	0	4080	0	4080
HV-glass80-room40000000/25	512	2048	2	0	4080	0	4080
HV-glass80-room40000000/26	512	2048	2	0	4080	0	4080
HV-glass80-room40000000/27	512	2048	2	0	4080	0	4080
HV-glass80-room40000000/28	512	2048	2	0	4080	0	4080
HV-glass80-room40000000/29	512	2048	2	0	4080	0	4080
HV-glass80-room40000000/30	512	2048	2	0	4080	0	4080
HV-glass80-room40000000/31	512	2048	2	0	4080	0	4080
HV-glass80-room40000000/32	512	2048	2	0	4080	0	4080
HV-glass80-room40000000/33	512	2048	2	0	4080	0	4080
HV-glass80-room40000000/34	512	2048	2	0	4080	0	4080
HV-glass80-room40000000/35	512	2048	2	0	4080	0	4080
HV-glass80-room40000000/36	512	2048	2	0	4080	0	4080
HV-glass80-room40000000/37	512	2048	2	0	4080	0	4080
HV-glass80-room40000000/38	512	2048	2	0	4080	0	4080
HV-glass80-room40000000/39	512	2048	2	0	4080	0	4080
HV-glass80-room40000000/40	512	2048	2	0	4080	0	4080
HV-glass80-room40000000/41	512	2048	2	0	4080	0	4080
HV-glass80-room40000000/42	512	2048	2	0	4080	0	4080
HV-glass80-room40000000/43	512	2048	2	0	4080	0	4080
HV-glass80-room40000000/44	512	2048	2	0	4080	0	4080
HV-glass80-room40000000/45	512	2048	2	0	4080	0	4080
HV-glass80-room40000000/46	512	2048	2	0	4080	0	4080
HV-glass80-room40000000/47	512	2048	2	0	4080	0	4080
HV-glass80-room40000000/48	512	2048	2	0	4080	0	4080
HV-glass80-room40000000/49	512	2048	2	0	4080	0	4080
HV-glass80-room40000000/50	512	2048	2	0	4080	0	4080
HV-glass80-room40000000/51	512	2048	2	0	4080	0	4080
HV-glass80-room40000000/52	512	2048	2	0	4080	0	4080
HV-glass80-room40000000/53	512	2048	2	0	4080	0	4080
HV-glass80-room40000000/54	512	2048	2	0	4080	0	4080
HV-glass80-room40000000/55	512	2048	2	0	4080	0	4080
HV-glass80-room40000000/56	512	2048	2	0	4080	0	4080
HV-glass80-room40000000/57	512	2048	2	0	4080	0	4080
HV-glass80-room40000000/58	512	2048	2	0	4080	0	4080
HV-glass80-room40000000/59	512	2048	2	0	4080	0	4080
HV-glass80-room40000000/60	512	2048	2	0	4080	0	4080
EV-glass40-room1/21	2048	2048	1	16384	39999999	16382	40000000
EV-glass40-room1/22	2048	2048	1	16382	40000000	16382	40000000
EV-glass40-room1/23	2048	2048	1	16382	40000000	16382	40000000
EV-glass40-room1/24	2048	2048	1	16382	40000000	16382	40000000
EV-glass40-room1/25	2048	2048	1	16382	40000000	16382	40000000
EV-glass40-room1/26	2048	2048	1	16382	40000000	16382	40000000
EV-glass40-room1/27	2048	2048	1	16382	40000000	16382	40000000
EV-glass40-room1/28	2048	2048	1	16382	40000000	16382	40000000
EV-glass40-room1/29	2048	2048	1	16382	40000000	16382	40000000
EV-glass40-room1/30	2048	2048	1	16382	40000000	16382	40000000
EV-glass40-room1/31	2048	2048	1	16382	40000000	16382	40000000
EV-glass40-room1/32	2048	2048	1	16382	40000000	16382	40000000
EV-glass40-room1/33	2048	2048	1	16382	40000000	16382	40000000
EV-glass40-room1/34	2048	2048	1	16382	40000000	16382	40000000
EV-glass40-room1/35	2048	2048	1	16382	40000000	16382	40000000
EV-glass40-room1/36	2048	2048	1	16382	40000000	16382	40000000
EV-glass40-room1/37	2048	2048	1	16382	40000000	16382	40000000
EV-glass40-room1/38	2048	2048	1	16382	40000000	16382	40000000
EV-glass40-room1/39	2048	2048	1	16382	40000000	16382	40000000
EV-glass40-room1/40	2048	2048	1	16382	40000000	16382	40000000
EV-glass40-room1/41	2048	2048	1	16382	40000000	16382	40000000
EV-glass40-room1/42	2048	2048	1	16382	40000000	16382	40000000
EV-glass40-room1/43	2048	2048	1	16382	40000000	16382	40000000
EV-glass40-room1/44	2048	2048	1	16382	40000000	16382	40000000
EV-glass40-room1/45	2048	2048	1	16382	40000000	16382	40000000
EV-glass40-room1/46	2048	2048	1	16382	40000000	16382	40000000
EV-glass40-room1/47	2048	2048	1	16382	40000000	16382	40000000
EV-glass40-room1/48	2048	2048	1	16382	40000000	16382	40000000
EV-glass40-room1/49	2048	2048	1	16382	40000000	16382	40000000
EV-glass40-room1/50	2048	2048	1	16382	40000000	16382	40000000
EV-glass40-room1/51	2048	2048	1	16382	40000000	16382	40000000
EV-glass40-room1/52	2048	2048	1	16382	40000000	16382	40000000
EV-glass40-room1/53	2048	2048	1	16382	40000000	16382	40000000
EV-glass40-room1/54	2048	2048	1	16382	40000000	16382	40000000
EV-glass40-room1/55	2048	2048	1	16382	40000000	16382	40000000
EV-glass40-room1/56	2048	2048	1	16382	40000000	16382	40000000
EV-glass40-room1/57	2048	2048	1	16382	40000000	16382	40000000
EV-glass40-room1/58	2048	2048	1	16382	40000000	16382	40000000
EV-glass40-room1/59	2048	2048	1	16382	40000000	16382	40000000
EV-glass40-room1/60	2048	2048	1	16382	40000000	16382	40000000
EV-glass80-room2049/21	2048	2048	2	16384	39997951	8192	40006135
EV-glass80-room2049/22	2048	2048	2	8192	40006135	8192	40006135
EV-glass80-room2049/23	2048	2048	2	8192	40006135	8192	40006135
EV-glass80-room2049/24	2048	2048	2	8192	40006135	8192	40006135
EV-glass80-room2049/25	2048	2048	2	8192	40006135	8192	40006135
EV-glass80-room2049/26	2048	2048	2	8192	40006135	8192	40006135
EV-glass80-room2049/27	2048	2048	2	8192	40006135	8192	40006135
EV-glass80-room2049/28	2048	2048	2	8192	40006135	8192	40006135
EV-glass80-room2049/29	2048	2048	2	8192	40006135	8192	40006135
EV-glass80-room2049/30	2048	2048	2	8192	40006135	8192	40006135
EV-glass80-room2049/31	2048	2048	2	8192	40006135	8192	40006135
EV-glass80-room2049/32	2048	2048	2	8192	40006135	8192	40006135
EV-glass80-room2049/33	2048	2048	2	8192	40006135	8192	40006135
EV-glass80-room2049/34	2048	2048	2	8192	40006135	8192	40006135
EV-glass80-room2049/35	2048	2048	2	8192	40006135	8192	40006135
EV-glass80-room2049/36	2048	2048	2	8192	40006135	8192	40006135
EV-glass80-room2049/37	2048	2048	2	8192	40006135	8192	40006135
EV-glass80-room2049/38	2048	2048	2	8192	40006135	8192	40006135
EV-glass80-room2049/39	2048	2048	2	8192	40006135	8192	40006135
EV-glass80-room2049/40	2048	2048	2	8192	40006135	8192	40006135
EV-glass80-room2049/41	2048	2048	2	8192	40006135	8192	40006135
EV-glass80-room2049/42	2048	2048	2	8192	40006135	8192	40006135
EV-glass80-room2049/43	2048	2048	2	8192	40006135	8192	40006135
EV-glass80-room2049/44	2048	2048	2	8192	40006135	8192	40006135
EV-glass80-room2049/45	2048	2048	2	8192	40006135	8192	40006135
EV-glass80-room2049/46	2048	2048	2	8192	40006135	8192	40006135
EV-glass80-room2049/47	2048	2048	2	8192	40006135	8192	40006135
EV-glass80-room2049/48	2048	2048	2	8192	40006135	8192	40006135
EV-glass80-room2049/49	2048	2048	2	8192	40006135	8192	40006135
EV-glass80-room2049/50	2048	2048	2	8192	40006135	8192	40006135
EV-glass80-room2049/51	2048	2048	2	8192	40006135	8192	40006135
EV-glass80-room2049/52	2048	2048	2	8192	40006135	8192	40006135
EV-glass80-room2049/53	2048	2048	2	8192	40006135	8192	40006135
EV-glass80-room2049/54	2048	2048	2	8192	40006135	8192	40006135
EV-glass80-room2049/55	2048	2048	2	8192	40006135	8192	40006135
EV-glass80-room2049/56	2048	2048	2	8192	40006135	8192	40006135
EV-glass80-room2049/57	2048	2048	2	8192	40006135	8192	40006135
EV-glass80-room2049/58	2048	2048	2	8192	40006135	8192	40006135
EV-glass80-room2049/59	2048	2048	2	8192	40006135	8192	40006135
EV-glass80-room2049/60	2048	2048	2	8192	40006135	8192	40006135
LV-glass40-room1/21	32	128	1	256	39999999	254	40000000
LV-glass40-room1/22	32	128	1	254	40000000	254	40000000
LV-glass40-room1/23	32	128	1	254	40000000	254	40000000
LV-glass40-room1/24	32	128	1	254	40000000	254	40000000
LV-glass40-room1/25	32	128	1	254	40000000	254	40000000
LV-glass40-room1/26	32	128	1	254	40000000	254	40000000
LV-glass40-room1/27	32	128	1	254	40000000	254	40000000
LV-glass40-room1/28	32	128	1	254	40000000	254	40000000
LV-glass40-room1/29	32	128	1	254	40000000	254	40000000
LV-glass40-room1/30	32	128	1	254	40000000	254	40000000
LV-glass40-room1/31	32	128	1	254	40000000	254	40000000
LV-glass40-room1/32	32	128	1	254	40000000	254	40000000
LV-glass40-room1/33	32	128	1	254	40000000	254	40000000
LV-glass40-room1/34	32	128	1	254	40000000	254	40000000
LV-glass40-room1/35	32	128	1	254	40000000	254	40000000
LV-glass40-room1/36	32	128	1	254	40000000	254	40000000
LV-glass40-room1/37	32	128	1	254	40000000	254	40000000
LV-glass40-room1/38	32	128	1	254	40000000	254	40000000
LV-glass40-room1/39	32	128	1	254	40000000	254	40000000
LV-glass40-room1/40	32	128	1	254	40000000	254	40000000
LV-glass40-room1/41	32	128	1	254	40000000	254	40000000
LV-glass40-room1/42	32	128	1	254	40000000	254	40000000
LV-glass40-room1/43	32	128	1	254	40000000	254	40000000
LV-glass40-room1/44	32	128	1	254	40000000	254	40000000
LV-glass40-room1/45	32	128	1	254	40000000	254	40000000
LV-glass40-room1/46	32	128	1	254	40000000	254	40000000
LV-glass40-room1/47	32	128	1	254	40000000	254	40000000
LV-glass40-room1/48	32	128	1	254	40000000	254	40000000
LV-glass40-room1/49	32	128	1	254	40000000	254	40000000
LV-glass40-room1/50	32	128	1	254	40000000	254	40000000
LV-glass40-room1/51	32	128	1	254	40000000	254	40000000
LV-glass40-room1/52	32	128	1	254	40000000	254	40000000
LV-glass40-room1/53	32	128	1	254	40000000	254	40000000
LV-glass40-room1/54	32	128	1	254	40000000	254	40000000
LV-glass40-room1/55	32	128	1	254	40000000	254	40000000
LV-glass40-room1/56	32	128	1	254	40000000	254	40000000
LV-glass40-room1/57	32	128	1	254	40000000	254	40000000
LV-glass40-room1/58	32	128	1	254	40000000	254	40000000
LV-glass40-room1/59	32	128	1	254	40000000	254	40000000
LV-glass40-room1/60	32	128	1	254	40000000	254	40000000
LV-glass80-room33/21	32	128	2	256	39999967	128	40000087
LV-glass80-room33/22	32	128	2	128	40000087	128	40000087
LV-glass80-room33/23	32	128	2	128	40000087	128	40000087
LV-glass80-room33/24	32	128	2	128	40000087	128	40000087
LV-glass80-room33/25	32	128	2	128	40000087	128	40000087
LV-glass80-room33/26	32	128	2	128	40000087	128	40000087
LV-glass80-room33/27	32	128	2	128	40000087	128	40000087
LV-glass80-room33/28	32	128	2	128	40000087	128	40000087
LV-glass80-room33/29	32	128	2	128	40000087	128	40000087
LV-glass80-room33/30	32	128	2	128	40000087	128	40000087
LV-glass80-room33/31	32	128	2	128	40000087	128	40000087
LV-glass80-room33/32	32	128	2	128	40000087	128	40000087
LV-glass80-room33/33	32	128	2	128	40000087	128	40000087
LV-glass80-room33/34	32	128	2	128	40000087	128	40000087
LV-glass80-room33/35	32	128	2	128	40000087	128	40000087
LV-glass80-room33/36	32	128	2	128	40000087	128	40000087
LV-glass80-room33/37	32	128	2	128	40000087	128	40000087
LV-glass80-room33/38	32	128	2	128	40000087	128	40000087
LV-glass80-room33/39	32	128	2	128	40000087	128	40000087
LV-glass80-room33/40	32	128	2	128	40000087	128	40000087
LV-glass80-room33/41	32	128	2	128	40000087	128	40000087
LV-glass80-room33/42	32	128	2	128	40000087	128	40000087
LV-glass80-room33/43	32	128	2	128	40000087	128	40000087
LV-glass80-room33/44	32	128	2	128	40000087	128	40000087
LV-glass80-room33/45	32	128	2	128	40000087	128	40000087
LV-glass80-room33/46	32	128	2	128	40000087	128	40000087
LV-glass80-room33/47	32	128	2	128	40000087	128	40000087
LV-glass80-room33/48	32	128	2	128	40000087	128	40000087
LV-glass80-room33/49	32	128	2	128	40000087	128	40000087
LV-glass80-room33/50	32	128	2	128	40000087	128	40000087
LV-glass80-room33/51	32	128	2	128	40000087	128	40000087
LV-glass80-room33/52	32	128	2	128	40000087	128	40000087
LV-glass80-room33/53	32	128	2	128	40000087	128	40000087
LV-glass80-room33/54	32	128	2	128	40000087	128	40000087
LV-glass80-room33/55	32	128	2	128	40000087	128	40000087
LV-glass80-room33/56	32	128	2	128	40000087	128	40000087
LV-glass80-room33/57	32	128	2	128	40000087	128	40000087
LV-glass80-room33/58	32	128	2	128	40000087	128	40000087
LV-glass80-room33/59	32	128	2	128	40000087	128	40000087
LV-glass80-room33/60	32	128	2	128	40000087	128	40000087
MV-glass1-room40000000/21	128	512	0	1024	0	512	512
MV-glass1-room40000000/22	128	512	0	512	512	0	1024
MV-glass1-room40000000/23	128	512	0	0	1024	0	1024
MV-glass1-room40000000/24	128	512	0	0	1024	0	1024
MV-glass1-room40000000/25	128	512	0	0	1024	0	1024
MV-glass1-room40000000/26	128	512	0	0	1024	0	1024
MV-glass1-room40000000/27	128	512	0	0	1024	0	1024
MV-glass1-room40000000/28	128	512	0	0	1024	0	1024
MV-glass1-room40000000/29	128	512	0	0	1024	0	1024
MV-glass1-room40000000/30	128	512	0	0	1024	0	1024
MV-glass1-room40000000/31	128	512	0	0	1024	0	1024
MV-glass1-room40000000/32	128	512	0	0	1024	0	1024
MV-glass1-room40000000/33	128	512	0	0	1024	0	1024
MV-glass1-room40000000/34	128	512	0	0	1024	0	1024
MV-glass1-room40000000/35	128	512	0	0	1024	0	1024
MV-glass1-room40000000/36	128	512	0	0	1024	0	1024
MV-glass1-room40000000/37	128	512	0	0	1024	0	1024
MV-glass1-room40000000/38	128	512	0	0	1024	0	1024
MV-glass1-room40000000/39	128	512	0	0	1024	0	1024
MV-glass1-room40000000/40	128	512	0	0	1024	0	1024
MV-glass1-room40000000/41	128	512	0	0	1024	0	1024
MV-glass1-room40000000/42	128	512	0	0	1024	0	1024
MV-glass1-room40000000/43	128	512	0	0	1024	0	1024
MV-glass1-room40000000/44	128	512	0	0	1024	0	1024
MV-glass1-room40000000/45	128	512	0	0	1024	0	1024
MV-glass1-room40000000/46	128	512	0	0	1024	0	1024
MV-glass1-room40000000/47	128	512	0	0	1024	0	1024
MV-glass1-room40000000/48	128	512	0	0	1024	0	1024
MV-glass1-room40000000/49	128	512	0	0	1024	0	1024
MV-glass1-room40000000/50	128	512	0	0	1024	0	1024
MV-glass1-room40000000/51	128	512	0	0	1024	0	1024
MV-glass1-room40000000/52	128	512	0	0	1024	0	1024
MV-glass1-room40000000/53	128	512	0	0	1024	0	1024
MV-glass1-room40000000/54	128	512	0	0	1024	0	1024
MV-glass1-room40000000/55	128	512	0	0	1024	0	1024
MV-glass1-room40000000/56	128	512	0	0	1024	0	1024
MV-glass1-room40000000/57	128	512	0	0	1024	0	1024
MV-glass1-room40000000/58	128	512	0	0	1024	0	1024
MV-glass1-room40000000/59	128	512	0	0	1024	0	1024
MV-glass1-room40000000/60	128	512	0	0	1024	0	1024
MV-glass80-room1/21	128	512	2	1024	39999999	1021	40000000
MV-glass80-room1/22	128	512	2	1021	40000000	1021	40000000
MV-glass80-room1/23	128	512	2	1021	40000000	1021	40000000
MV-glass80-room1/24	128	512	2	1021	40000000	1021	40000000
MV-glass80-room1/25	128	512	2	1021	40000000	1021	40000000
MV-glass80-room1/26	128	512	2	1021	40000000	1021	40000000
MV-glass80-room1/27	128	512	2	1021	40000000	1021	40000000
MV-glass80-room1/28	128	512	2	1021	40000000	1021	40000000
MV-glass80-room1/29	128	512	2	1021	40000000	1021	40000000
MV-glass80-room1/30	128	512	2	1021	40000000	1021	40000000
MV-glass80-room1/31	128	512	2	1021	40000000	1021	40000000
MV-glass80-room1/32	128	512	2	1021	40000000	1021	40000000
MV-glass80-room1/33	128	512	2	1021	40000000	1021	40000000
MV-glass80-room1/34	128	512	2	1021	40000000	1021	40000000
MV-glass80-room1/35	128	512	2	1021	40000000	1021	40000000
MV-glass80-room1/36	128	512	2	1021	40000000	1021	40000000
MV-glass80-room1/37	128	512	2	1021	40000000	1021	40000000
MV-glass80-room1/38	128	512	2	1021	40000000	1021	40000000
MV-glass80-room1/39	128	512	2	1021	40000000	1021	40000000
MV-glass80-room1/40	128	512	2	1021	40000000	1021	40000000
MV-glass80-room1/41	128	512	2	1021	40000000	1021	40000000
MV-glass80-room1/42	128	512	2	1021	40000000	1021	40000000
MV-glass80-room1/43	128	512	2	1021	40000000	1021	40000000
MV-glass80-room1/44	128	512	2	1021	40000000	1021	40000000
MV-glass80-room1/45	128	512	2	1021	40000000	1021	40000000
MV-glass80-room1/46	128	512	2	1021	40000000	1021	40000000
MV-glass80-room1/47	128	512	2	1021	40000000	1021	40000000
MV-glass80-room1/48	128	512	2	1021	40000000	1021	40000000
MV-glass80-room1/49	128	512	2	1021	40000000	1021	40000000
MV-glass80-room1/50	128	512	2	1021	40000000	1021	40000000
MV-glass80-room1/51	128	512	2	1021	40000000	1021	40000000
MV-glass80-room1/52	128	512	2	1021	40000000	1021	40000000
MV-glass80-room1/53	128	512	2	1021	40000000	1021	40000000
MV-glass80-room1/54	128	512	2	1021	40000000	1021	40000000
MV-glass80-room1/55	128	512	2	1021	40000000	1021	40000000
MV-glass80-room1/56	128	512	2	1021	40000000	1021	40000000
MV-glass80-room1/57	128	512	2	1021	40000000	1021	40000000
MV-glass80-room1/58	128	512	2	1021	40000000	1021	40000000
MV-glass80-room1/59	128	512	2	1021	40000000	1021	40000000
MV-glass80-room1/60	128	512	2	1021	40000000	1021	40000000
HV-glass1-room513/21	512	2048	0	4096	39999487	2048	40001535
HV-glass1-room513/22	512	2048	0	2048	40001535	2048	40001535
HV-glass1-room513/23	512	2048	0	2048	40001535	2048	40001535
HV-glass1-room513/24	512	2048	0	2048	40001535	2048	40001535
HV-glass1-room513/25	512	2048	0	2048	40001535	2048	40001535
HV-glass1-room513/26	512	2048	0	2048	40001535	2048	40001535
HV-glass1-room513/27	512	2048	0	2048	40001535	2048	40001535
HV-glass1-room513/28	512	2048	0	2048	40001535	2048	40001535
HV-glass1-room513/29	512	2048	0	2048	40001535	2048	40001535
HV-glass1-room513/30	512	2048	0	2048	40001535	2048	40001535
HV-glass1-room513/31	512	2048	0	2048	40001535	2048	40001535
HV-glass1-room513/32	512	2048	0	2048	40001535	2048	40001535
HV-glass1-room513/33	512	2048	0	2048	40001535	2048	40001535
HV-glass1-room513/34	512	2048	0	2048	40001535	2048	40001535
HV-glass1-room513/35	512	2048	0	2048	40001535	2048	40001535
HV-glass1-room513/36	512	2048	0	2048	40001535	2048	40001535
HV-glass1-room513/37	512	2048	0	2048	40001535	2048	40001535
HV-glass1-room513/38	512	2048	0	2048	40001535	2048	40001535
HV-glass1-room513/39	512	2048	0	2048	40001535	2048	40001535
HV-glass1-room513/40	512	2048	0	2048	40001535	2048	40001535
HV-glass1-room513/41	512	2048	0	2048	40001535	2048	40001535
HV-glass1-room513/42	512	2048	0	2048	40001535	2048	40001535
HV-glass1-room513/43	512	2048	0	2048	40001535	2048	40001535
HV-glass1-room513/44	512	2048	0	2048	40001535	2048	40001535
HV-glass1-room513/45	512	2048	0	2048	40001535	2048	40001535
HV-glass1-room513/46	512	2048	0	2048	40001535	2048	40001535
HV-glass1-room513/47	512	2048	0	2048	40001535	2048	40001535
HV-glass1-room513/48	512	2048	0	2048	40001535	2048	40001535
HV-glass1-room513/49	512	2048	0	2048	40001535	2048	40001535
HV-glass1-room513/50	512	2048	0	2048	40001535	2048	40001535
HV-glass1-room513/51	512	2048	0	2048	40001535	2048	40001535
HV-glass1-room513/52	512	2048	0	2048	40001535	2048	40001535
HV-glass1-room513/53	512	2048	0	2048	40001535	2048	40001535
HV-glass1-room513/54	512	2048	0	2048	40001535	2048	40001535
HV-glass1-room513/55	512	2048	0	2048	40001535	2048	40001535
HV-glass1-room513/56	512	2048	0	2048	40001535	2048	40001535
HV-glass1-room513/57	512	2048	0	2048	40001535	2048	40001535
HV-glass1-room513/58	512	2048	0	2048	40001535	2048	40001535
HV-glass1-room513/59	512	2048	0	2048	40001535	2048	40001535
HV-glass1-room513/60	512	2048	0	2048	40001535	2048	40001535
HV-glass40-room40000000/21	512	2048	1	4096	0	2048	2044
HV-glass40-room40000000/22	512	2048	1	2048	2044	0	4088
HV-glass40-room40000000/23	512	2048	1	0	4088	0	4088
HV-glass40-room40000000/24	512	2048	1	0	4088	0	4088
HV-glass40-room40000000/25	512	2048	1	0	4088	0	4088
HV-glass40-room40000000/26	512	2048	1	0	4088	0	4088
HV-glass40-room40000000/27	512	2048	1	0	4088	0	4088
HV-glass40-room40000000/28	512	2048	1	0	4088	0	4088
HV-glass40-room40000000/29	512	2048	1	0	4088	0	4088
HV-glass40-room40000000/30	512	2048	1	0	4088	0	4088
HV-glass40-room40000000/31	512	2048	1	0	4088	0	4088
HV-glass40-room40000000/32	512	2048	1	0	4088	0	4088
HV-glass40-room40000000/33	512	2048	1	0	4088	0	4088
HV-glass40-room40000000/34	512	2048	1	0	4088	0	4088
HV-glass40-room40000000/35	512	2048	1	0	4088	0	4088
HV-glass40-room40000000/36	512	2048	1	0	4088	0	4088
HV-glass40-room40000000/37	512	2048	1	0	4088	0	4088
HV-glass40-room40000000/38	512	2048	1	0	4088	0	4088
HV-glass40-room40000000/39	512	2048	1	0	4088	0	4088
HV-glass40-room40000000/40	512	2048	1	0	4088	0	4088
HV-glass40-room40000000/41	512	2048	1	0	4088	0	4088
HV-glass40-room40000000/42	512	2048	1	0	4088	0	4088
HV-glass40-room40000000/43	512	2048	1	0	4088	0	4088
HV-glass40-room40000000/44	512	2048	1	0	4088	0	4088
HV-glass40-room40000000/45	512	2048	1	0	4088	0	4088
HV-glass40-room40000000/46	512	2048	1	0	4088	0	4088
HV-glass40-room40000000/47	512	2048	1	0	4088	0	4088
HV-glass40-room40000000/48	512	2048	1	0	4088	0	4088
HV-glass40-room40000000/49	512	2048	1	0	4088	0	4088
HV-glass40-room40000000/50	512	2048	1	0	4088	0	4088
HV-glass40-room40000000/51	512	2048	1	0	4088	0	4088
HV-glass40-room40000000/52	512	2048	1	0	4088	0	4088
HV-glass40-room40000000/53	512	2048	1	0	4088	0	4088
HV-glass40-room40000000/54	512	2048	1	0	4088	0	4088
HV-glass40-room40000000/55	512	2048	1	0	4088	0	4088
HV-glass40-room40000000/56	512	2048	1	0	4088	0	4088
HV-glass40-room40000000/57	512	2048	1	0	4088	0	4088
HV-glass40-room40000000/58	512	2048	1	0	4088	0	4088
HV-glass40-room40000000/59	512	2048	1	0	4088	0	4088
HV-glass40-room40000000/60	512	2048	1	0	4088	0	4088
EV-glass1-room1/21	2048	2048	0	16384	39999999	16383	40000000
EV-glass1-room1/22	2048	2048	0	16383	40000000	16383	40000000
EV-glass1-room1/23	2048	2048	0	16383	40000000	16383	40000000
EV-glass1-room1/24	2048	2048	0	16383	40000000	16383	40000000
EV-glass1-room1/25	2048	2048	0	16383	40000000	16383	40000000
EV-glass1-room1/26	2048	2048	0	16383	40000000	16383	40000000
EV-glass1-room1/27	2048	2048	0	16383	40000000	16383	40000000
EV-glass1-room1/28	2048	2048	0	16383	40000000	16383	40000000
EV-glass1-room1/29	2048	2048	0	16383	40000000	16383	40000000
EV-glass1-room1/30	2048	2048	0	16383	40000000	16383	40000000
EV-glass1-room1/31	2048	2048	0	16383	40000000	16383	40000000
EV-glass1-room1/32	2048	2048	0	16383	40000000	16383	40000000
EV-glass1-room1/33	2048	2048	0	16383	40000000	16383	40000000
EV-glass1-room1/34	2048	2048	0	16383	40000000	16383	40000000
EV-glass1-room1/35	2048	2048	0	16383	40000000	16383	40000000
EV-glass1-room1/36	2048	2048	0	16383	40000000	16383	40000000
EV-glass1-room1/37	2048	2048	0	16383	40000000	16383	40000000
EV-glass1-room1/38	2048	2048	0	16383	40000000	16383	40000000
EV-glass1-room1/39	2048	2048	0	16383	40000000	16383	40000000
EV-glass1-room1/40	2048	2048	0	16383	40000000	16383	40000000
EV-glass1-room1/41	2048	2048	0	16383	40000000	16383	40000000
EV-glass1-room1/42	2048	2048	0	16383	40000000	16383	40000000
EV-glass1-room1/43	2048	2048	0	16383	40000000	16383	40000000
EV-glass1-room1/44	2048	2048	0	16383	40000000	16383	40000000
EV-glass1-room1/45	2048	2048	0	16383	40000000	16383	40000000
EV-glass1-room1/46	2048	2048	0	16383	40000000	16383	40000000
EV-glass1-room1/47	2048	2048	0	16383	40000000	16383	40000000
EV-glass1-room1/48	2048	2048	0	16383	40000000	16383	40000000
EV-glass1-room1/49	2048	2048	0	16383	40000000	16383	40000000
EV-glass1-room1/50	2048	2048	0	16383	40000000	16383	40000000
EV-glass1-room1/51	2048	2048	0	16383	40000000	16383	40000000
EV-glass1-room1/52	2048	2048	0	16383	40000000	16383	40000000
EV-glass1-room1/53	2048	2048	0	16383	40000000	16383	40000000
EV-glass1-room1/54	2048	2048	0	16383	40000000	16383	40000000
EV-glass1-room1/55	2048	2048	0	16383	40000000	16383	40000000
EV-glass1-room1/56	2048	2048	0	16383	40000000	16383	40000000
EV-glass1-room1/57	2048	2048	0	16383	40000000	16383	40000000
EV-glass1-room1/58	2048	2048	0	16383	40000000	16383	40000000
EV-glass1-room1/59	2048	2048	0	16383	40000000	16383	40000000
EV-glass1-room1/60	2048	2048	0	16383	40000000	16383	40000000
EV-glass40-room2049/21	2048	2048	1	16384	39997951	8192	40006139
EV-glass40-room2049/22	2048	2048	1	8192	40006139	8192	40006139
EV-glass40-room2049/23	2048	2048	1	8192	40006139	8192	40006139
EV-glass40-room2049/24	2048	2048	1	8192	40006139	8192	40006139
EV-glass40-room2049/25	2048	2048	1	8192	40006139	8192	40006139
EV-glass40-room2049/26	2048	2048	1	8192	40006139	8192	40006139
EV-glass40-room2049/27	2048	2048	1	8192	40006139	8192	40006139
EV-glass40-room2049/28	2048	2048	1	8192	40006139	8192	40006139
EV-glass40-room2049/29	2048	2048	1	8192	40006139	8192	40006139
EV-glass40-room2049/30	2048	2048	1	8192	40006139	8192	40006139
EV-glass40-room2049/31	2048	2048	1	8192	40006139	8192	40006139
EV-glass40-room2049/32	2048	2048	1	8192	40006139	8192	40006139
EV-glass40-room2049/33	2048	2048	1	8192	40006139	8192	40006139
EV-glass40-room2049/34	2048	2048	1	8192	40006139	8192	40006139
EV-glass40-room2049/35	2048	2048	1	8192	40006139	8192	40006139
EV-glass40-room2049/36	2048	2048	1	8192	40006139	8192	40006139
EV-glass40-room2049/37	2048	2048	1	8192	40006139	8192	40006139
EV-glass40-room2049/38	2048	2048	1	8192	40006139	8192	40006139
EV-glass40-room2049/39	2048	2048	1	8192	40006139	8192	40006139
EV-glass40-room2049/40	2048	2048	1	8192	40006139	8192	40006139
EV-glass40-room2049/41	2048	2048	1	8192	40006139	8192	40006139
EV-glass40-room2049/42	2048	2048	1	8192	40006139	8192	40006139
EV-glass40-room2049/43	2048	2048	1	8192	40006139	8192	40006139
EV-glass40-room2049/44	2048	2048	1	8192	40006139	8192	40006139
EV-glass40-room2049/45	2048	2048	1	8192	40006139	8192	40006139
EV-glass40-room2049/46	2048	2048	1	8192	40006139	8192	40006139
EV-glass40-room2049/47	2048	2048	1	8192	40006139	8192	40006139
EV-glass40-room2049/48	2048	2048	1	8192	40006139	8192	40006139
EV-glass40-room2049/49	2048	2048	1	8192	40006139	8192	40006139
EV-glass40-room2049/50	2048	2048	1	8192	40006139	8192	40006139
EV-glass40-room2049/51	2048	2048	1	8192	40006139	8192	40006139
EV-glass40-room2049/52	2048	2048	1	8192	40006139	8192	40006139
EV-glass40-room2049/53	2048	2048	1	8192	40006139	8192	40006139
EV-glass40-room2049/54	2048	2048	1	8192	40006139	8192	40006139
EV-glass40-room2049/55	2048	2048	1	8192	40006139	8192	40006139
EV-glass40-room2049/56	2048	2048	1	8192	40006139	8192	40006139
EV-glass40-room2049/57	2048	2048	1	8192	40006139	8192	40006139
EV-glass40-room2049/58	2048	2048	1	8192	40006139	8192	40006139
EV-glass40-room2049/59	2048	2048	1	8192	40006139	8192	40006139
EV-glass40-room2049/60	2048	2048	1	8192	40006139	8192	40006139
EV-glass80-room40000000/21	2048	2048	2	16384	0	8192	8184
EV-glass80-room40000000/22	2048	2048	2	8192	8184	0	16368
EV-glass80-room40000000/23	2048	2048	2	0	16368	0	16368
EV-glass80-room40000000/24	2048	2048	2	0	16368	0	16368
EV-glass80-room40000000/25	2048	2048	2	0	16368	0	16368
EV-glass80-room40000000/26	2048	2048	2	0	16368	0	16368
EV-glass80-room40000000/27	2048	2048	2	0	16368	0	16368
EV-glass80-room40000000/28	2048	2048	2	0	16368	0	16368
EV-glass80-room40000000/29	2048	2048	2	0	16368	0	16368
EV-glass80-room40000000/30	2048	2048	2	0	16368	0	16368
EV-glass80-room40000000/31	2048	2048	2	0	16368	0	16368
EV-glass80-room40000000/32	2048	2048	2	0	16368	0	16368
EV-glass80-room40000000/33	2048	2048	2	0	16368	0	16368
EV-glass80-room40000000/34	2048	2048	2	0	16368	0	16368
EV-glass80-room40000000/35	2048	2048	2	0	16368	0	16368
EV-glass80-room40000000/36	2048	2048	2	0	16368	0	16368
EV-glass80-room40000000/37	2048	2048	2	0	16368	0	16368
EV-glass80-room40000000/38	2048	2048	2	0	16368	0	16368
EV-glass80-room40000000/39	2048	2048	2	0	16368	0	16368
EV-glass80-room40000000/40	2048	2048	2	0	16368	0	16368
EV-glass80-room40000000/41	2048	2048	2	0	16368	0	16368
EV-glass80-room40000000/42	2048	2048	2	0	16368	0	16368
EV-glass80-room40000000/43	2048	2048	2	0	16368	0	16368
EV-glass80-room40000000/44	2048	2048	2	0	16368	0	16368
EV-glass80-room40000000/45	2048	2048	2	0	16368	0	16368
EV-glass80-room40000000/46	2048	2048	2	0	16368	0	16368
EV-glass80-room40000000/47	2048	2048	2	0	16368	0	16368
EV-glass80-room40000000/48	2048	2048	2	0	16368	0	16368
EV-glass80-room40000000/49	2048	2048	2	0	16368	0	16368
EV-glass80-room40000000/50	2048	2048	2	0	16368	0	16368
EV-glass80-room40000000/51	2048	2048	2	0	16368	0	16368
EV-glass80-room40000000/52	2048	2048	2	0	16368	0	16368
EV-glass80-room40000000/53	2048	2048	2	0	16368	0	16368
EV-glass80-room40000000/54	2048	2048	2	0	16368	0	16368
EV-glass80-room40000000/55	2048	2048	2	0	16368	0	16368
EV-glass80-room40000000/56	2048	2048	2	0	16368	0	16368
EV-glass80-room40000000/57	2048	2048	2	0	16368	0	16368
EV-glass80-room40000000/58	2048	2048	2	0	16368	0	16368
EV-glass80-room40000000/59	2048	2048	2	0	16368	0	16368
EV-glass80-room40000000/60	2048	2048	2	0	16368	0	16368
