case	reserve	packet	wire_losses_milli	edges	source_contact	receiver_contacts	rooms	expected_path_milli	observed_debit	observed_credits	observed_events
branches-02/t1-a0-e32-s1,1-i0	32	32	200	-	0	0,0	1,1	200,200	2	1,1	2:1,1
branches-02/t1-a0-e32-s16,16-i1	32	32	200	-	0	0,0	16,16	200,200	32	16,16	32:16,16
branches-02/t1-a0-e32-s15,16-i2	32	32	200	-	0	0,0	15,16	200,200	31	15,16	31:15,16
branches-02/t1-a0-e32-s16,17-i3	32	32	200	-	0	0,0	16,17	200,200	32	16,16	32:16,16
branches-02/t1-a0-e32-s1,1000-i4	32	32	200	-	0	0,0	1,1000	200,200	32	0,32	32:0,32
branches-02/t1-a0-e64-s1,1000-i5	64	32	200	-	0	0,0	1,1000	200,200	64	1,63	32:1,31|32:0,32
branches-02/t1-a0-e64-s31,1000-i6	64	32	200	-	0	0,0	31,1000	200,200	64	31,33	32:0,32|32:31,1
branches-02/t1-a0-e64-s0,1000-i7	64	32	200	-	0	0,0	0,1000	200,200	64	0,64	32:0,32|32:0,32
branches-02/t1-a0-e31-s1,1-i8	31	32	200	-	0	0,0	1,1	200,200	0	0,0	-
branches-02/t1-a0-e128-s7,21-i9	128	32	200	-	0	0,0	7,21	200,200	28	7,21	28:7,21
branches-02/t1-a0-e128-s1000,1000-i10	128	32	200	-	0	0,0	1000,1000	200,200	128	32,96	32:0,32|32:0,32|32:32,0|32:0,32
branches-02/t1-a0-e128-s0,0-i11	128	32	200	-	0	0,0	0,0	200,200	0	0,0	-
branches-02/t5-a1-e32-s1,1-i12	32	32	200,200,200,200,200,200,200	0:1;1:2;2:3;3:4;4:5;4:6	0	5,6	1,1	1200,1200	4	1,1	4:1,1
branches-02/t5-a1-e32-s16,16-i13	32	32	200,200,200,200,200,200,200	0:1;1:2;2:3;3:4;4:5;4:6	0	5,6	16,16	1200,1200	32	16,14	32:16,14
branches-02/t5-a1-e32-s15,16-i14	32	32	200,200,200,200,200,200,200	0:1;1:2;2:3;3:4;4:5;4:6	0	5,6	15,16	1200,1200	32	14,16	32:14,16
branches-02/t5-a1-e32-s16,17-i15	32	32	200,200,200,200,200,200,200	0:1;1:2;2:3;3:4;4:5;4:6	0	5,6	16,17	1200,1200	32	13,17	32:13,17
branches-02/t5-a1-e32-s1,1000-i16	32	32	200,200,200,200,200,200,200	0:1;1:2;2:3;3:4;4:5;4:6	0	5,6	1,1000	1200,1200	32	0,31	32:0,31
branches-02/t5-a1-e64-s1,1000-i17	64	32	200,200,200,200,200,200,200	0:1;1:2;2:3;3:4;4:5;4:6	0	5,6	1,1000	1200,1200	64	1,60	32:1,29|32:0,31
branches-02/t5-a1-e64-s31,1000-i18	64	32	200,200,200,200,200,200,200	0:1;1:2;2:3;3:4;4:5;4:6	0	5,6	31,1000	1200,1200	64	0,62	32:0,31|32:0,31
branches-02/t5-a1-e64-s0,1000-i19	64	32	200,200,200,200,200,200,200	0:1;1:2;2:3;3:4;4:5;4:6	0	5,6	0,1000	1200,1200	64	0,62	32:0,31|32:0,31
branches-02/t5-a1-e31-s1,1-i20	31	32	200,200,200,200,200,200,200	0:1;1:2;2:3;3:4;4:5;4:6	0	5,6	1,1	1200,1200	0	0,0	-
branches-02/t5-a1-e128-s7,21-i21	128	32	200,200,200,200,200,200,200	0:1;1:2;2:3;3:4;4:5;4:6	0	5,6	7,21	1200,1200	30	7,21	30:7,21
branches-02/t5-a1-e128-s1000,1000-i22	128	32	200,200,200,200,200,200,200	0:1;1:2;2:3;3:4;4:5;4:6	0	5,6	1000,1000	1200,1200	128	93,31	32:31,0|32:0,31|32:31,0|32:31,0
branches-02/t5-a1-e128-s0,0-i23	128	32	200,200,200,200,200,200,200	0:1;1:2;2:3;3:4;4:5;4:6	0	5,6	0,0	1200,1200	0	0,0	-
branches-02/t1-a4-e32-s1,1-i24	32	32	200,200,200,200,200,200,200,200,200	0:1;0:5;1:2;2:3;3:4;5:6;6:7;7:8	0	4,8	1,1	1000,1000	4	1,1	4:1,1
branches-02/t1-a4-e32-s16,16-i25	32	32	200,200,200,200,200,200,200,200,200	0:1;0:5;1:2;2:3;3:4;5:6;6:7;7:8	0	4,8	16,16	1000,1000	32	14,16	32:14,16
branches-02/t1-a4-e32-s15,16-i26	32	32	200,200,200,200,200,200,200,200,200	0:1;0:5;1:2;2:3;3:4;5:6;6:7;7:8	0	4,8	15,16	1000,1000	32	15,15	32:15,15
branches-02/t1-a4-e32-s16,17-i27	32	32	200,200,200,200,200,200,200,200,200	0:1;0:5;1:2;2:3;3:4;5:6;6:7;7:8	0	4,8	16,17	1000,1000	32	13,17	32:13,17
branches-02/t1-a4-e32-s1,1000-i28	32	32	200,200,200,200,200,200,200,200,200	0:1;0:5;1:2;2:3;3:4;5:6;6:7;7:8	0	4,8	1,1000	1000,1000	32	0,31	32:0,31
branches-02/t1-a4-e64-s1,1000-i29	64	32	200,200,200,200,200,200,200,200,200	0:1;0:5;1:2;2:3;3:4;5:6;6:7;7:8	0	4,8	1,1000	1000,1000	64	1,60	32:1,29|32:0,31
branches-02/t1-a4-e64-s31,1000-i30	64	32	200,200,200,200,200,200,200,200,200	0:1;0:5;1:2;2:3;3:4;5:6;6:7;7:8	0	4,8	31,1000	1000,1000	64	31,31	32:0,31|32:31,0
branches-02/t1-a4-e64-s0,1000-i31	64	32	200,200,200,200,200,200,200,200,200	0:1;0:5;1:2;2:3;3:4;5:6;6:7;7:8	0	4,8	0,1000	1000,1000	64	0,62	32:0,31|32:0,31
branches-02/t1-a4-e31-s1,1-i32	31	32	200,200,200,200,200,200,200,200,200	0:1;0:5;1:2;2:3;3:4;5:6;6:7;7:8	0	4,8	1,1	1000,1000	0	0,0	-
branches-02/t1-a4-e128-s7,21-i33	128	32	200,200,200,200,200,200,200,200,200	0:1;0:5;1:2;2:3;3:4;5:6;6:7;7:8	0	4,8	7,21	1000,1000	30	7,21	30:7,21
branches-02/t1-a4-e128-s1000,1000-i34	128	32	200,200,200,200,200,200,200,200,200	0:1;0:5;1:2;2:3;3:4;5:6;6:7;7:8	0	4,8	1000,1000	1000,1000	128	124,0	32:31,0|32:31,0|32:31,0|32:31,0
branches-02/t1-a4-e128-s0,0-i35	128	32	200,200,200,200,200,200,200,200,200	0:1;0:5;1:2;2:3;3:4;5:6;6:7;7:8	0	4,8	0,0	1000,1000	0	0,0	-
branches-02/t1-a0-e32-s1000,1000-i36	32	32	200	-	0	0,0	1000,1000	200,200	32	32,0	32:32,0
branches-02/t1-a0-e32-s1000,1000-i37	32	32	200	-	0	0,0	1000,1000	200,200	32	32,0	32:32,0
branches-02/t1-a0-e32-s1000,1000-i38	32	32	200	-	0	0,0	1000,1000	200,200	32	32,0	32:32,0
branches-02/t1-a0-e32-s1000,1000-i39	32	32	200	-	0	0,0	1000,1000	200,200	32	0,32	32:0,32
branches-boundary/t5-a1-e32-s29,1000-i0	32	32	200,200,200,200,200,200,200	0:1;1:2;2:3;3:4;4:5;4:6	0	5,6	29,1000	1200,1200	32	0,31	32:0,31
branches-boundary/t5-a1-e32-s30,1000-i1	32	32	200,200,200,200,200,200,200	0:1;1:2;2:3;3:4;4:5;4:6	0	5,6	30,1000	1200,1200	32	0,31	32:0,31
branches-boundary/t5-a1-e32-s31,1000-i2	32	32	200,200,200,200,200,200,200	0:1;1:2;2:3;3:4;4:5;4:6	0	5,6	31,1000	1200,1200	32	31,0	32:31,0
branches-boundary/t5-a1-e32-s1,30-i3	32	32	200,200,200,200,200,200,200	0:1;1:2;2:3;3:4;4:5;4:6	0	5,6	1,30	1200,1200	31	0,30	31:0,30
branches-boundary/t5-a1-e32-s0,30-i4	32	32	200,200,200,200,200,200,200	0:1;1:2;2:3;3:4;4:5;4:6	0	5,6	0,30	1200,1200	31	0,30	31:0,30
branches-boundary/t5-a1-e32-s30,0-i5	32	32	200,200,200,200,200,200,200	0:1;1:2;2:3;3:4;4:5;4:6	0	5,6	30,0	1200,1200	31	30,0	31:30,0
branches-boundary/t1-a4-e32-s29,1000-i6	32	32	200,200,200,200,200,200,200,200,200	0:1;0:5;1:2;2:3;3:4;5:6;6:7;7:8	0	4,8	29,1000	1000,1000	32	29,1	32:29,1
branches-boundary/t1-a4-e32-s30,1000-i7	32	32	200,200,200,200,200,200,200,200,200	0:1;0:5;1:2;2:3;3:4;5:6;6:7;7:8	0	4,8	30,1000	1000,1000	32	0,31	32:0,31
branches-boundary/t1-a4-e32-s31,1000-i8	32	32	200,200,200,200,200,200,200,200,200	0:1;0:5;1:2;2:3;3:4;5:6;6:7;7:8	0	4,8	31,1000	1000,1000	32	31,0	32:31,0
branches-boundary/t1-a4-e32-s1,30-i9	32	32	200,200,200,200,200,200,200,200,200	0:1;0:5;1:2;2:3;3:4;5:6;6:7;7:8	0	4,8	1,30	1000,1000	32	1,29	32:1,29
branches-boundary/t1-a4-e32-s0,30-i10	32	32	200,200,200,200,200,200,200,200,200	0:1;0:5;1:2;2:3;3:4;5:6;6:7;7:8	0	4,8	0,30	1000,1000	31	0,30	31:0,30
branches-boundary/t1-a4-e32-s30,0-i11	32	32	200,200,200,200,200,200,200,200,200	0:1;0:5;1:2;2:3;3:4;5:6;6:7;7:8	0	4,8	30,0	1000,1000	31	30,0	31:30,0
branches-boundary/t1-a0-e32-s1,1,1-i12	32	32	200,200,200,200,200,200,200,200,200,200,200,200,200,200	0:1;0:5;1:2;2:3;3:4;5:6;6:7;7:8;8:9;9:10;10:11;11:12;12:13	0	0,4,13	1,1,1	200,1000,2000	6	1,1,1	6:1,1,1
branches-boundary/t1-a0-e32-s9,10,10-i13	32	32	200,200,200,200,200,200,200,200,200,200,200,200,200,200	0:1;0:5;1:2;2:3;3:4;5:6;6:7;7:8;8:9;9:10;10:11;11:12;12:13	0	0,4,13	9,10,10	200,1000,2000	32	9,10,10	32:9,10,10
branches-boundary/t1-a0-e32-s10,10,10-i14	32	32	200,200,200,200,200,200,200,200,200,200,200,200,200,200	0:1;0:5;1:2;2:3;3:4;5:6;6:7;7:8;8:9;9:10;10:11;11:12;12:13	0	0,4,13	10,10,10	200,1000,2000	32	10,9,10	32:10,9,10
branches-boundary/t1-a0-e32-s30,1,1000-i15	32	32	200,200,200,200,200,200,200,200,200,200,200,200,200,200	0:1;0:5;1:2;2:3;3:4;5:6;6:7;7:8;8:9;9:10;10:11;11:12;12:13	0	0,4,13	30,1,1000	200,1000,2000	32	0,1,28	32:0,1,28
branches-boundary/t1-a0-e32-s31,1,1000-i16	32	32	200,200,200,200,200,200,200,200,200,200,200,200,200,200	0:1;0:5;1:2;2:3;3:4;5:6;6:7;7:8;8:9;9:10;10:11;11:12;12:13	0	0,4,13	31,1,1000	200,1000,2000	32	0,0,30	32:0,0,30
branches-boundary/t1-a0-e64-s29,1,1000-i17	64	32	200,200,200,200,200,200,200,200,200,200,200,200,200,200	0:1;0:5;1:2;2:3;3:4;5:6;6:7;7:8;8:9;9:10;10:11;11:12;12:13	0	0,4,13	29,1,1000	200,1000,2000	63	29,1,30	32:0,0,30|31:29,1,0
branches-boundary/t1-a0-e32-s0,0,1000-i18	32	32	200,200,200,200,200,200,200,200,200,200,200,200,200,200	0:1;0:5;1:2;2:3;3:4;5:6;6:7;7:8;8:9;9:10;10:11;11:12;12:13	0	0,4,13	0,0,1000	200,1000,2000	32	0,0,30	32:0,0,30
branches-boundary/t1-a0-e128-s1000,1000,1000-i19	128	32	200,200,200,200,200,200,200,200,200,200,200,200,200,200	0:1;0:5;1:2;2:3;3:4;5:6;6:7;7:8;8:9;9:10;10:11;11:12;12:13	0	0,4,13	1000,1000,1000	200,1000,2000	128	32,31,60	32:0,0,30|32:0,31,0|32:32,0,0|32:0,0,30
branches-boundary/t1-a0-e31-s1,1,1-i20	31	32	200,200,200,200,200,200,200,200,200,200,200,200,200,200	0:1;0:5;1:2;2:3;3:4;5:6;6:7;7:8;8:9;9:10;10:11;11:12;12:13	0	0,4,13	1,1,1	200,1000,2000	0	0,0,0	-
branches-boundary/t5-a1-e32-s1,1,1-i21	32	32	200,200,200,200,200,200,200,200	0:1;1:2;2:3;3:4;4:5;4:6;4:7	0	5,6,7	1,1,1	1200,1200,1200	6	1,1,1	6:1,1,1
branches-boundary/t5-a1-e32-s9,10,10-i22	32	32	200,200,200,200,200,200,200,200	0:1;1:2;2:3;3:4;4:5;4:6;4:7	0	5,6,7	9,10,10	1200,1200,1200	32	9,10,10	32:9,10,10
branches-boundary/t5-a1-e32-s10,10,10-i23	32	32	200,200,200,200,200,200,200,200	0:1;1:2;2:3;3:4;4:5;4:6;4:7	0	5,6,7	10,10,10	1200,1200,1200	32	9,10,10	32:9,10,10
branches-boundary/t5-a1-e32-s30,1,1000-i24	32	32	200,200,200,200,200,200,200,200	0:1;1:2;2:3;3:4;4:5;4:6;4:7	0	5,6,7	30,1,1000	1200,1200,1200	31	30,0,0	31:30,0,0
branches-boundary/t5-a1-e32-s31,1,1000-i25	32	32	200,200,200,200,200,200,200,200	0:1;1:2;2:3;3:4;4:5;4:6;4:7	0	5,6,7	31,1,1000	1200,1200,1200	32	31,0,0	32:31,0,0
branches-boundary/t5-a1-e64-s29,1,1000-i26	64	32	200,200,200,200,200,200,200,200	0:1;1:2;2:3;3:4;4:5;4:6;4:7	0	5,6,7	29,1,1000	1200,1200,1200	64	29,1,31	32:29,1,0|32:0,0,31
branches-boundary/t5-a1-e32-s0,0,1000-i27	32	32	200,200,200,200,200,200,200,200	0:1;1:2;2:3;3:4;4:5;4:6;4:7	0	5,6,7	0,0,1000	1200,1200,1200	32	0,0,31	32:0,0,31
branches-boundary/t5-a1-e128-s1000,1000,1000-i28	128	32	200,200,200,200,200,200,200,200	0:1;1:2;2:3;3:4;4:5;4:6;4:7	0	5,6,7	1000,1000,1000	1200,1200,1200	128	62,0,62	32:0,0,31|32:31,0,0|32:0,0,31|32:31,0,0
branches-boundary/t5-a1-e31-s1,1,1-i29	31	32	200,200,200,200,200,200,200,200	0:1;1:2;2:3;3:4;4:5;4:6;4:7	0	5,6,7	1,1,1	1200,1200,1200	0	0,0,0	-
