CASE	single-hull	0	10000	0	0,U1,0,20000
STEP	62	false	0	10000	0	0,U1,0,20000
STEP	82	true	4	10000	0	0,U1,0,19999
STEP	102	true	8	10000	0	0,U1,0,19998
STEP	122	true	12	10000	0	0,U1,0,19997
STEP	142	true	16	10000	0	0,U1,0,19996
STEP	162	true	20	10000	0	0,U1,0,19995
STEP	182	true	24	10000	0	0,U1,0,19994
STEP	202	true	28	10000	0	0,U1,0,19993
STEP	222	true	32	10000	0	0,U1,0,19992
STEP	242	true	36	10000	0	0,U1,0,19991
STEP	262	true	40	10000	0	0,U1,0,19990
STEP	282	false	40	10000	0	0,U1,0,19990
STEP	302	false	40	10000	0	0,U1,0,19990
STEP	322	false	40	10000	0	0,U1,0,19990
STEP	342	false	40	10000	0	0,U1,0,19990
STEP	362	false	40	10000	0	0,U1,0,19990
STEP	382	false	40	10000	0	0,U1,0,19990
END
CASE	quad-basic	0	10000	0	0,U4,0,20000;1,V,0,0
STEP	80	false	0	10000	0	0,U4,0,20000;1,V,0,0
STEP	100	true	0	9988	12	0,U4,0,19999;1,V,90,0
STEP	120	true	0	9976	24	0,U4,0,19998;1,V,180,0
STEP	140	true	0	9964	36	0,U4,0,19997;1,V,270,0
STEP	160	true	0	9952	48	0,U4,0,19996;1,V,360,0
STEP	180	true	0	9940	60	0,U4,0,19995;1,V,450,0
STEP	200	true	0	9928	72	0,U4,0,19994;1,V,540,0
STEP	220	true	0	9916	84	0,U4,0,19993;1,V,630,0
STEP	240	true	0	9904	96	0,U4,0,19992;1,V,720,0
STEP	260	true	0	9892	108	0,U4,0,19991;1,V,810,0
STEP	280	true	0	9880	120	0,U4,0,19990;1,V,900,0
STEP	300	false	0	9868	132	0,U4,0,19990;1,V,894,0
STEP	320	false	0	9856	144	0,U4,0,19990;1,V,888,0
STEP	340	false	0	9844	156	0,U4,0,19990;1,V,882,0
STEP	360	false	0	9832	168	0,U4,0,19990;1,V,876,0
STEP	380	false	0	9820	180	0,U4,0,19990;1,V,870,0
END
CASE	quad-advanced	0	10000	0	0,U4,0,20000;1,VA,0,0
STEP	76	false	0	10000	0	0,U4,0,20000;1,VA,0,0
STEP	96	true	0	9976	24	0,U4,0,19999;1,VA,84,0
STEP	116	true	0	9952	48	0,U4,0,19998;1,VA,168,0
STEP	136	true	0	9928	72	0,U4,0,19997;1,VA,252,0
STEP	156	true	0	9904	96	0,U4,0,19996;1,VA,336,0
STEP	176	true	0	9880	120	0,U4,0,19995;1,VA,420,0
STEP	196	true	0	9856	144	0,U4,0,19994;1,VA,504,0
STEP	216	true	0	9832	168	0,U4,0,19993;1,VA,588,0
STEP	236	true	0	9808	192	0,U4,0,19992;1,VA,672,0
STEP	256	true	0	9784	216	0,U4,0,19991;1,VA,756,0
STEP	276	true	0	9760	240	0,U4,0,19990;1,VA,840,0
STEP	296	false	0	9736	264	0,U4,0,19990;1,VA,828,0
STEP	316	false	0	9712	288	0,U4,0,19990;1,VA,816,0
STEP	336	false	0	9688	312	0,U4,0,19990;1,VA,804,0
STEP	356	false	0	9664	336	0,U4,0,19990;1,VA,792,0
STEP	376	false	0	9640	360	0,U4,0,19990;1,VA,780,0
STEP	396	false	0	9616	384	0,U4,0,19990;1,VA,768,0
END
CASE	quad-overclocked	2000	10000	0	0,U4,0,20000;1,VO,0,0
STEP	80	false	1964	9960	40	0,U4,0,20000;1,VO,16,0
STEP	100	true	1928	9920	80	0,U4,0,19999;1,VO,128,0
STEP	120	true	1892	9880	120	0,U4,0,19998;1,VO,240,0
STEP	140	true	1856	9840	160	0,U4,0,19997;1,VO,352,0
STEP	160	true	1820	9800	200	0,U4,0,19996;1,VO,464,0
STEP	180	true	1784	9760	240	0,U4,0,19995;1,VO,576,0
STEP	200	true	1748	9720	280	0,U4,0,19994;1,VO,688,0
STEP	220	true	1712	9680	320	0,U4,0,19993;1,VO,800,0
STEP	240	true	1676	9640	360	0,U4,0,19992;1,VO,912,0
STEP	260	true	1676	9640	360	0,U4,0,19991
STEP	280	true	1772	9640	360	0,U4,0,19990
STEP	300	false	1772	9640	360	0,U4,0,19990
STEP	320	false	1772	9640	360	0,U4,0,19990
STEP	340	false	1772	9640	360	0,U4,0,19990
STEP	360	false	1772	9640	360	0,U4,0,19990
STEP	380	false	1772	9640	360	0,U4,0,19990
END
CASE	mox-cold	4000	10000	0	0,M1,0,10000;1,V,0,0
STEP	77	false	4000	10000	0	0,M1,0,10000;1,V,0,0
STEP	97	true	4000	9992	8	0,M1,0,9999;1,V,0,0
STEP	117	true	4000	9984	16	0,M1,0,9998;1,V,0,0
STEP	137	true	4000	9976	24	0,M1,0,9997;1,V,0,0
STEP	157	true	4000	9968	32	0,M1,0,9996;1,V,0,0
STEP	177	true	4000	9960	40	0,M1,0,9995;1,V,0,0
STEP	197	true	4000	9952	48	0,M1,0,9994;1,V,0,0
STEP	217	true	4000	9944	56	0,M1,0,9993;1,V,0,0
STEP	237	true	4000	9936	64	0,M1,0,9992;1,V,0,0
STEP	257	true	4000	9928	72	0,M1,0,9991;1,V,0,0
STEP	277	true	4000	9920	80	0,M1,0,9990;1,V,0,0
STEP	297	false	4000	9920	80	0,M1,0,9990;1,V,0,0
STEP	317	false	4000	9920	80	0,M1,0,9990;1,V,0,0
STEP	337	false	4000	9920	80	0,M1,0,9990;1,V,0,0
STEP	357	false	4000	9920	80	0,M1,0,9990;1,V,0,0
STEP	377	false	4000	9920	80	0,M1,0,9990;1,V,0,0
STEP	397	false	4000	9920	80	0,M1,0,9990;1,V,0,0
END
CASE	mox-hot	5000	10000	0	0,M1,0,10000;1,V,0,0
STEP	68	false	5000	10000	0	0,M1,0,10000;1,V,0,0
STEP	88	true	5000	9992	8	0,M1,0,9999;1,V,0,0
STEP	108	true	5000	9984	16	0,M1,0,9998;1,V,0,0
STEP	128	true	5000	9976	24	0,M1,0,9997;1,V,0,0
STEP	148	true	5000	9968	32	0,M1,0,9996;1,V,0,0
STEP	168	true	5000	9960	40	0,M1,0,9995;1,V,0,0
STEP	188	true	5000	9952	48	0,M1,0,9994;1,V,0,0
STEP	208	true	5000	9944	56	0,M1,0,9993;1,V,0,0
STEP	228	true	5000	9936	64	0,M1,0,9992;1,V,0,0
STEP	248	true	5000	9928	72	0,M1,0,9991;1,V,0,0
STEP	268	true	5000	9920	80	0,M1,0,9990;1,V,0,0
STEP	288	false	5000	9920	80	0,M1,0,9990;1,V,0,0
STEP	308	false	5000	9920	80	0,M1,0,9990;1,V,0,0
STEP	328	false	5000	9920	80	0,M1,0,9990;1,V,0,0
STEP	348	false	5000	9920	80	0,M1,0,9990;1,V,0,0
STEP	368	false	5000	9920	80	0,M1,0,9990;1,V,0,0
STEP	388	false	5000	9920	80	0,M1,0,9990;1,V,0,0
END
CASE	mox-hot-above	5001	10000	0	0,M1,0,10000;1,V,0,0
STEP	63	false	5001	10000	0	0,M1,0,10000;1,V,0,0
STEP	83	true	5001	9988	12	0,M1,0,9999;1,V,2,0
STEP	103	true	5001	9976	24	0,M1,0,9998;1,V,4,0
STEP	123	true	5001	9964	36	0,M1,0,9997;1,V,6,0
STEP	143	true	5001	9952	48	0,M1,0,9996;1,V,8,0
STEP	163	true	5001	9940	60	0,M1,0,9995;1,V,10,0
STEP	183	true	5001	9928	72	0,M1,0,9994;1,V,12,0
STEP	203	true	5001	9916	84	0,M1,0,9993;1,V,14,0
STEP	223	true	5001	9904	96	0,M1,0,9992;1,V,16,0
STEP	243	true	5001	9892	108	0,M1,0,9991;1,V,18,0
STEP	263	true	5001	9880	120	0,M1,0,9990;1,V,20,0
STEP	283	false	5001	9868	132	0,M1,0,9990;1,V,14,0
STEP	303	false	5001	9856	144	0,M1,0,9990;1,V,8,0
STEP	323	false	5001	9844	156	0,M1,0,9990;1,V,2,0
STEP	343	false	5001	9840	160	0,M1,0,9990;1,V,0,0
STEP	363	false	5001	9840	160	0,M1,0,9990;1,V,0,0
STEP	383	false	5001	9840	160	0,M1,0,9990;1,V,0,0
END
CASE	empty-coolant	0	0	0	0,U1,0,20000;1,V,0,0
STEP	66	false	0	0	0	0,U1,0,20000;1,V,0,0
STEP	86	true	4	0	0	0,U1,0,19999;1,V,0,0
STEP	106	true	8	0	0	0,U1,0,19998;1,V,0,0
STEP	126	true	12	0	0	0,U1,0,19997;1,V,0,0
STEP	146	true	16	0	0	0,U1,0,19996;1,V,0,0
STEP	166	true	20	0	0	0,U1,0,19995;1,V,0,0
STEP	186	true	24	0	0	0,U1,0,19994;1,V,0,0
STEP	206	true	28	0	0	0,U1,0,19993;1,V,0,0
STEP	226	true	32	0	0	0,U1,0,19992;1,V,0,0
STEP	246	true	36	0	0	0,U1,0,19991;1,V,0,0
STEP	266	true	40	0	0	0,U1,0,19990;1,V,0,0
STEP	286	false	40	0	0	0,U1,0,19990;1,V,0,0
STEP	306	false	40	0	0	0,U1,0,19990;1,V,0,0
STEP	326	false	40	0	0	0,U1,0,19990;1,V,0,0
STEP	346	false	40	0	0	0,U1,0,19990;1,V,0,0
STEP	366	false	40	0	0	0,U1,0,19990;1,V,0,0
STEP	386	false	40	0	0	0,U1,0,19990;1,V,0,0
END
CASE	cold-1	0	1	0	0,U1,0,20000;1,V,0,0
STEP	81	true	3	0	1	0,U1,0,19999;1,V,0,0
STEP	101	true	7	0	1	0,U1,0,19998;1,V,0,0
STEP	121	true	11	0	1	0,U1,0,19997;1,V,0,0
STEP	141	true	15	0	1	0,U1,0,19996;1,V,0,0
STEP	161	true	19	0	1	0,U1,0,19995;1,V,0,0
STEP	181	true	23	0	1	0,U1,0,19994;1,V,0,0
STEP	201	true	27	0	1	0,U1,0,19993;1,V,0,0
STEP	221	true	31	0	1	0,U1,0,19992;1,V,0,0
STEP	241	true	35	0	1	0,U1,0,19991;1,V,0,0
STEP	261	true	39	0	1	0,U1,0,19990;1,V,0,0
STEP	281	false	39	0	1	0,U1,0,19990;1,V,0,0
STEP	301	false	39	0	1	0,U1,0,19990;1,V,0,0
STEP	321	false	39	0	1	0,U1,0,19990;1,V,0,0
STEP	341	false	39	0	1	0,U1,0,19990;1,V,0,0
STEP	361	false	39	0	1	0,U1,0,19990;1,V,0,0
STEP	381	false	39	0	1	0,U1,0,19990;1,V,0,0
END
CASE	cold-2	0	2	0	0,U1,0,20000;1,V,0,0
STEP	76	false	0	2	0	0,U1,0,20000;1,V,0,0
STEP	96	true	3	0	2	0,U1,0,19999;1,V,0,0
STEP	116	true	7	0	2	0,U1,0,19998;1,V,0,0
STEP	136	true	11	0	2	0,U1,0,19997;1,V,0,0
STEP	156	true	15	0	2	0,U1,0,19996;1,V,0,0
STEP	176	true	19	0	2	0,U1,0,19995;1,V,0,0
STEP	196	true	23	0	2	0,U1,0,19994;1,V,0,0
STEP	216	true	27	0	2	0,U1,0,19993;1,V,0,0
STEP	236	true	31	0	2	0,U1,0,19992;1,V,0,0
STEP	256	true	35	0	2	0,U1,0,19991;1,V,0,0
STEP	276	true	39	0	2	0,U1,0,19990;1,V,0,0
STEP	296	false	39	0	2	0,U1,0,19990;1,V,0,0
STEP	316	false	39	0	2	0,U1,0,19990;1,V,0,0
STEP	336	false	39	0	2	0,U1,0,19990;1,V,0,0
STEP	356	false	39	0	2	0,U1,0,19990;1,V,0,0
STEP	376	false	39	0	2	0,U1,0,19990;1,V,0,0
STEP	396	false	39	0	2	0,U1,0,19990;1,V,0,0
END
CASE	cold-7	0	7	0	0,U1,0,20000;1,V,0,0
STEP	66	false	0	7	0	0,U1,0,20000;1,V,0,0
STEP	86	true	0	0	7	0,U1,0,19999;1,V,0,0
STEP	106	true	4	0	7	0,U1,0,19998;1,V,0,0
STEP	126	true	8	0	7	0,U1,0,19997;1,V,0,0
STEP	146	true	12	0	7	0,U1,0,19996;1,V,0,0
STEP	166	true	16	0	7	0,U1,0,19995;1,V,0,0
STEP	186	true	20	0	7	0,U1,0,19994;1,V,0,0
STEP	206	true	24	0	7	0,U1,0,19993;1,V,0,0
STEP	226	true	28	0	7	0,U1,0,19992;1,V,0,0
STEP	246	true	32	0	7	0,U1,0,19991;1,V,0,0
STEP	266	true	36	0	7	0,U1,0,19990;1,V,0,0
STEP	286	false	36	0	7	0,U1,0,19990;1,V,0,0
STEP	306	false	36	0	7	0,U1,0,19990;1,V,0,0
STEP	326	false	36	0	7	0,U1,0,19990;1,V,0,0
STEP	346	false	36	0	7	0,U1,0,19990;1,V,0,0
STEP	366	false	36	0	7	0,U1,0,19990;1,V,0,0
STEP	386	false	36	0	7	0,U1,0,19990;1,V,0,0
END
CASE	cold-8	0	8	0	0,U1,0,20000;1,V,0,0
STEP	78	false	0	8	0	0,U1,0,20000;1,V,0,0
STEP	98	true	0	0	8	0,U1,0,19999;1,V,0,0
STEP	118	true	4	0	8	0,U1,0,19998;1,V,0,0
STEP	138	true	8	0	8	0,U1,0,19997;1,V,0,0
STEP	158	true	12	0	8	0,U1,0,19996;1,V,0,0
STEP	178	true	16	0	8	0,U1,0,19995;1,V,0,0
STEP	198	true	20	0	8	0,U1,0,19994;1,V,0,0
STEP	218	true	24	0	8	0,U1,0,19993;1,V,0,0
STEP	238	true	28	0	8	0,U1,0,19992;1,V,0,0
STEP	258	true	32	0	8	0,U1,0,19991;1,V,0,0
STEP	278	true	36	0	8	0,U1,0,19990;1,V,0,0
STEP	298	false	36	0	8	0,U1,0,19990;1,V,0,0
STEP	318	false	36	0	8	0,U1,0,19990;1,V,0,0
STEP	338	false	36	0	8	0,U1,0,19990;1,V,0,0
STEP	358	false	36	0	8	0,U1,0,19990;1,V,0,0
STEP	378	false	36	0	8	0,U1,0,19990;1,V,0,0
STEP	398	false	36	0	8	0,U1,0,19990;1,V,0,0
END
CASE	cold-9	0	9	0	0,U1,0,20000;1,V,0,0
STEP	69	false	0	9	0	0,U1,0,20000;1,V,0,0
STEP	89	true	0	1	8	0,U1,0,19999;1,V,0,0
STEP	109	true	3	0	9	0,U1,0,19998;1,V,0,0
STEP	129	true	7	0	9	0,U1,0,19997;1,V,0,0
STEP	149	true	11	0	9	0,U1,0,19996;1,V,0,0
STEP	169	true	15	0	9	0,U1,0,19995;1,V,0,0
STEP	189	true	19	0	9	0,U1,0,19994;1,V,0,0
STEP	209	true	23	0	9	0,U1,0,19993;1,V,0,0
STEP	229	true	27	0	9	0,U1,0,19992;1,V,0,0
STEP	249	true	31	0	9	0,U1,0,19991;1,V,0,0
STEP	269	true	35	0	9	0,U1,0,19990;1,V,0,0
STEP	289	false	35	0	9	0,U1,0,19990;1,V,0,0
STEP	309	false	35	0	9	0,U1,0,19990;1,V,0,0
STEP	329	false	35	0	9	0,U1,0,19990;1,V,0,0
STEP	349	false	35	0	9	0,U1,0,19990;1,V,0,0
STEP	369	false	35	0	9	0,U1,0,19990;1,V,0,0
STEP	389	false	35	0	9	0,U1,0,19990;1,V,0,0
END
CASE	hot-9999	0	10000	9999	0,U1,0,20000;1,V,0,0
STEP	63	false	0	10000	9999	0,U1,0,20000;1,V,0,0
STEP	83	true	3	9999	10000	0,U1,0,19999;1,V,0,0
STEP	103	true	7	9999	10000	0,U1,0,19998;1,V,0,0
STEP	123	true	11	9999	10000	0,U1,0,19997;1,V,0,0
STEP	143	true	15	9999	10000	0,U1,0,19996;1,V,0,0
STEP	163	true	19	9999	10000	0,U1,0,19995;1,V,0,0
STEP	183	true	23	9999	10000	0,U1,0,19994;1,V,0,0
STEP	203	true	27	9999	10000	0,U1,0,19993;1,V,0,0
STEP	223	true	31	9999	10000	0,U1,0,19992;1,V,0,0
STEP	243	true	35	9999	10000	0,U1,0,19991;1,V,0,0
STEP	263	true	39	9999	10000	0,U1,0,19990;1,V,0,0
STEP	283	false	39	9999	10000	0,U1,0,19990;1,V,0,0
STEP	303	false	39	9999	10000	0,U1,0,19990;1,V,0,0
STEP	323	false	39	9999	10000	0,U1,0,19990;1,V,0,0
STEP	343	false	39	9999	10000	0,U1,0,19990;1,V,0,0
STEP	363	false	39	9999	10000	0,U1,0,19990;1,V,0,0
STEP	383	false	39	9999	10000	0,U1,0,19990;1,V,0,0
END
CASE	hot-9998	0	10000	9998	0,U1,0,20000;1,V,0,0
STEP	73	false	0	10000	9998	0,U1,0,20000;1,V,0,0
STEP	93	true	3	9998	10000	0,U1,0,19999;1,V,0,0
STEP	113	true	7	9998	10000	0,U1,0,19998;1,V,0,0
STEP	133	true	11	9998	10000	0,U1,0,19997;1,V,0,0
STEP	153	true	15	9998	10000	0,U1,0,19996;1,V,0,0
STEP	173	true	19	9998	10000	0,U1,0,19995;1,V,0,0
STEP	193	true	23	9998	10000	0,U1,0,19994;1,V,0,0
STEP	213	true	27	9998	10000	0,U1,0,19993;1,V,0,0
STEP	233	true	31	9998	10000	0,U1,0,19992;1,V,0,0
STEP	253	true	35	9998	10000	0,U1,0,19991;1,V,0,0
STEP	273	true	39	9998	10000	0,U1,0,19990;1,V,0,0
STEP	293	false	39	9998	10000	0,U1,0,19990;1,V,0,0
STEP	313	false	39	9998	10000	0,U1,0,19990;1,V,0,0
STEP	333	false	39	9998	10000	0,U1,0,19990;1,V,0,0
STEP	353	false	39	9998	10000	0,U1,0,19990;1,V,0,0
STEP	373	false	39	9998	10000	0,U1,0,19990;1,V,0,0
STEP	393	false	39	9998	10000	0,U1,0,19990;1,V,0,0
END
CASE	hot-9993	0	10000	9993	0,U1,0,20000;1,V,0,0
STEP	79	false	0	10000	9993	0,U1,0,20000;1,V,0,0
STEP	99	true	0	9993	10000	0,U1,0,19999;1,V,0,0
STEP	119	true	4	9993	10000	0,U1,0,19998;1,V,0,0
STEP	139	true	8	9993	10000	0,U1,0,19997;1,V,0,0
STEP	159	true	12	9993	10000	0,U1,0,19996;1,V,0,0
STEP	179	true	16	9993	10000	0,U1,0,19995;1,V,0,0
STEP	199	true	20	9993	10000	0,U1,0,19994;1,V,0,0
STEP	219	true	24	9993	10000	0,U1,0,19993;1,V,0,0
STEP	239	true	28	9993	10000	0,U1,0,19992;1,V,0,0
STEP	259	true	32	9993	10000	0,U1,0,19991;1,V,0,0
STEP	279	true	36	9993	10000	0,U1,0,19990;1,V,0,0
STEP	299	false	36	9993	10000	0,U1,0,19990;1,V,0,0
STEP	319	false	36	9993	10000	0,U1,0,19990;1,V,0,0
STEP	339	false	36	9993	10000	0,U1,0,19990;1,V,0,0
STEP	359	false	36	9993	10000	0,U1,0,19990;1,V,0,0
STEP	379	false	36	9993	10000	0,U1,0,19990;1,V,0,0
STEP	399	false	36	9993	10000	0,U1,0,19990;1,V,0,0
END
CASE	hot-9992	0	10000	9992	0,U1,0,20000;1,V,0,0
STEP	77	false	0	10000	9992	0,U1,0,20000;1,V,0,0
STEP	97	true	0	9992	10000	0,U1,0,19999;1,V,0,0
STEP	117	true	4	9992	10000	0,U1,0,19998;1,V,0,0
STEP	137	true	8	9992	10000	0,U1,0,19997;1,V,0,0
STEP	157	true	12	9992	10000	0,U1,0,19996;1,V,0,0
STEP	177	true	16	9992	10000	0,U1,0,19995;1,V,0,0
STEP	197	true	20	9992	10000	0,U1,0,19994;1,V,0,0
STEP	217	true	24	9992	10000	0,U1,0,19993;1,V,0,0
STEP	237	true	28	9992	10000	0,U1,0,19992;1,V,0,0
STEP	257	true	32	9992	10000	0,U1,0,19991;1,V,0,0
STEP	277	true	36	9992	10000	0,U1,0,19990;1,V,0,0
STEP	297	false	36	9992	10000	0,U1,0,19990;1,V,0,0
STEP	317	false	36	9992	10000	0,U1,0,19990;1,V,0,0
STEP	337	false	36	9992	10000	0,U1,0,19990;1,V,0,0
STEP	357	false	36	9992	10000	0,U1,0,19990;1,V,0,0
STEP	377	false	36	9992	10000	0,U1,0,19990;1,V,0,0
STEP	397	false	36	9992	10000	0,U1,0,19990;1,V,0,0
END
CASE	hot-10000	0	10000	10000	0,U1,0,20000;1,V,0,0
STEP	78	false	0	10000	10000	0,U1,0,20000;1,V,0,0
STEP	98	true	4	10000	10000	0,U1,0,19999;1,V,0,0
STEP	118	true	8	10000	10000	0,U1,0,19998;1,V,0,0
STEP	138	true	12	10000	10000	0,U1,0,19997;1,V,0,0
STEP	158	true	16	10000	10000	0,U1,0,19996;1,V,0,0
STEP	178	true	20	10000	10000	0,U1,0,19995;1,V,0,0
STEP	198	true	24	10000	10000	0,U1,0,19994;1,V,0,0
STEP	218	true	28	10000	10000	0,U1,0,19993;1,V,0,0
STEP	238	true	32	10000	10000	0,U1,0,19992;1,V,0,0
STEP	258	true	36	10000	10000	0,U1,0,19991;1,V,0,0
STEP	278	true	40	10000	10000	0,U1,0,19990;1,V,0,0
STEP	298	false	40	10000	10000	0,U1,0,19990;1,V,0,0
STEP	318	false	40	10000	10000	0,U1,0,19990;1,V,0,0
STEP	338	false	40	10000	10000	0,U1,0,19990;1,V,0,0
STEP	358	false	40	10000	10000	0,U1,0,19990;1,V,0,0
STEP	378	false	40	10000	10000	0,U1,0,19990;1,V,0,0
STEP	398	false	40	10000	10000	0,U1,0,19990;1,V,0,0
END
CASE	mox-above-no-vent	5001	10000	0	0,M1,0,10000
STEP	75	false	5001	10000	0	0,M1,0,10000
STEP	95	true	5009	10000	0	0,M1,0,9999
STEP	115	true	5017	10000	0	0,M1,0,9998
STEP	135	true	5025	10000	0	0,M1,0,9997
STEP	155	true	5033	10000	0	0,M1,0,9996
STEP	175	true	5041	10000	0	0,M1,0,9995
STEP	195	true	5049	10000	0	0,M1,0,9994
STEP	215	true	5057	10000	0	0,M1,0,9993
STEP	235	true	5065	10000	0	0,M1,0,9992
STEP	255	true	5073	10000	0	0,M1,0,9991
STEP	275	true	5081	10000	0	0,M1,0,9990
STEP	295	false	5081	10000	0	0,M1,0,9990
STEP	315	false	5081	10000	0	0,M1,0,9990
STEP	335	false	5081	10000	0	0,M1,0,9990
STEP	355	false	5081	10000	0	0,M1,0,9990
STEP	375	false	5081	10000	0	0,M1,0,9990
STEP	395	false	5081	10000	0	0,M1,0,9990
END
CASE	mox-half-no-vent	5000	10000	0	0,M1,0,10000
STEP	74	false	5000	10000	0	0,M1,0,10000
STEP	94	true	5004	10000	0	0,M1,0,9999
STEP	114	true	5012	10000	0	0,M1,0,9998
STEP	134	true	5020	10000	0	0,M1,0,9997
STEP	154	true	5028	10000	0	0,M1,0,9996
STEP	174	true	5036	10000	0	0,M1,0,9995
STEP	194	true	5044	10000	0	0,M1,0,9994
STEP	214	true	5052	10000	0	0,M1,0,9993
STEP	234	true	5060	10000	0	0,M1,0,9992
STEP	254	true	5068	10000	0	0,M1,0,9991
STEP	274	true	5076	10000	0	0,M1,0,9990
STEP	294	false	5076	10000	0	0,M1,0,9990
STEP	314	false	5076	10000	0	0,M1,0,9990
STEP	334	false	5076	10000	0	0,M1,0,9990
STEP	354	false	5076	10000	0	0,M1,0,9990
STEP	374	false	5076	10000	0	0,M1,0,9990
STEP	394	false	5076	10000	0	0,M1,0,9990
END
CASE	mox-low-no-vent	4999	10000	0	0,M1,0,10000
STEP	65	false	4999	10000	0	0,M1,0,10000
STEP	85	true	5003	10000	0	0,M1,0,9999
STEP	105	true	5011	10000	0	0,M1,0,9998
STEP	125	true	5019	10000	0	0,M1,0,9997
STEP	145	true	5027	10000	0	0,M1,0,9996
STEP	165	true	5035	10000	0	0,M1,0,9995
STEP	185	true	5043	10000	0	0,M1,0,9994
STEP	205	true	5051	10000	0	0,M1,0,9993
STEP	225	true	5059	10000	0	0,M1,0,9992
STEP	245	true	5067	10000	0	0,M1,0,9991
STEP	265	true	5075	10000	0	0,M1,0,9990
STEP	285	false	5075	10000	0	0,M1,0,9990
STEP	305	false	5075	10000	0	0,M1,0,9990
STEP	325	false	5075	10000	0	0,M1,0,9990
STEP	345	false	5075	10000	0	0,M1,0,9990
STEP	365	false	5075	10000	0	0,M1,0,9990
STEP	385	false	5075	10000	0	0,M1,0,9990
END
